customerID,MultipleLines
5575-GNVDE,0
3668-QPYBK,0
9237-HQITU,0
9305-CDSKC,1
1452-KIOVK,1
7892-POOKP,1
6388-TABGU,0
9763-GRSKD,0
7469-LKBCI,0
8091-TTVAX,1
0280-XJGEX,1
5129-JLPIS,0
3655-SNQYZ,1
8191-XWSZG,0
9959-WOFKT,1
4190-MFLUW,0
4183-MYFRB,0
1680-VDCWW,0
1066-JKSGK,0
3638-WEABW,1
6322-HRPFA,0
6865-JZNKO,0
6467-CHFZW,1
5248-YGIJN,1
8773-HHUOZ,0
3841-NFECX,1
4929-XIHVW,0
6827-IEAUQ,0
7310-EGVHZ,0
3413-BMNZE,0
6234-RAAPL,1
6047-YHPVI,0
6572-ADKRS,0
5380-WJKOV,1
8168-UQWWF,1
8865-TNMNX,0
9489-DEDVP,1
9867-JCZSP,0
4671-VJLCL,1
4080-IIARD,1
3714-NTNFO,1
5948-UJZLF,0
7760-OYPDY,0
7639-LIAYI,1
2954-PIBKO,1
8012-SOUDQ,1
9420-LOJKX,0
6575-SUVOI,1
7495-OOKFY,1
4667-QONEA,0
1658-BYGOY,1
8769-KKTPH,1
5067-XJQFU,1
3957-SQXML,1
5954-BDFSG,1
0434-CSFON,1
1215-FIGMP,1
0557-ASKVU,0
5698-BQJOH,1
5122-CYFXA,0
8627-ZYGSZ,1
3410-YOQBQ,0
3170-NMYVV,0
7410-OIEDU,0
2273-QCKXA,0
0731-EBJQB,0
1891-QRQSA,1
8028-PNXHQ,1
5630-AHZIL,0
2673-CXQEU,1
6416-JNVRK,0
5590-ZSKRV,0
0191-ZHSKZ,0
3887-PBQAO,1
5919-TMRGD,0
9191-MYQKX,0
9919-YLNNG,0
0318-ZOPWS,0
4445-ZJNMU,1
4808-YNLEU,0
1862-QRWPE,0
2796-NNUFI,0
4767-HZZHQ,0
2424-WVHPL,0
7233-PAHHL,1
6067-NGCEU,1
9848-JQJTX,1
8637-XJIVR,1
9803-FTJCG,1
0278-YXOOG,0
3212-KXOCR,0
4598-XLKNJ,0
6380-ARCEH,0
3679-XASPY,0
7123-WQUHX,1
3192-NQECA,1
6728-DKUCO,1
8597-CWYHH,1
2848-YXSMW,0
0486-HECZI,1
4549-ZDQYY,0
5712-AHQNN,0
4846-WHAFZ,1
3071-VBYPO,0
5299-RULOA,1
8402-OOOHJ,0
9445-ZUEQE,1
1091-SOZGA,1
2928-HLDBA,0
0404-SWRVG,1
6497-TILVL,0
7219-TLZHO,0
4622-YNKIJ,0
4412-YLTKF,1
6734-PSBAW,1
3930-ZGWVE,0
2876-GZYZC,1
8587-XYZSF,0
2372-HWUHI,0
7799-LGRDP,1
7850-VWJUU,0
3774-VBNXY,0
6217-KDYWC,0
0390-DCFDQ,0
3146-MSEGF,1
4080-OGPJL,1
1095-WGNGG,1
2636-SJDOU,1
1131-QQZEB,1
5716-EZXZN,1
6837-BJYDQ,0
2135-RXIHG,0
6440-DKQGE,0
3466-BYAVD,0
3780-YVMFA,0
3874-EQOEP,1
1679-JRFBR,1
9073-ZZIAY,0
3077-RSNTJ,0
6551-GNYDG,0
9167-APMXZ,1
2749-CTKAJ,0
6371-NZYEG,0
7554-NEWDD,1
8992-VONJD,0
0867-MKZVY,1
4482-EWFMI,0
4648-YPBTM,1
2907-ILJBN,0
6345-FZOQH,0
3376-BMGFE,0
5997-OPVFA,1
1159-WFSGR,0
7654-YWJUF,0
1875-QIVME,1
6727-IOTLZ,0
0691-JVSYA,0
5918-VUKWP,0
1744-JHKYS,1
2656-FMOKZ,1
2070-FNEXE,0
5947-SGKCL,1
3712-PKXZA,0
6582-OIVSP,0
9367-WXLCH,1
5524-KHNJP,0
1918-ZBFQJ,0
4827-USJHP,0
0956-SYCWG,0
8017-UVSZU,1
7100-FQPRV,1
2472-OVKUP,0
2984-RGEYA,0
9680-NIAUV,1
2146-EGVDT,0
2604-IJPDU,0
9178-JHUVJ,1
6168-YBYNP,1
7255-SSFBC,1
3645-DEYGF,0
9323-HGFWY,0
8544-GOQSH,0
3363-DTIVD,1
7018-WBJNK,0
9142-KZXOP,0
7674-YTAFD,0
1285-OKIPP,0
7825-ECJRF,0
1347-KTTTA,0
7841-TZDMQ,0
7157-SMCFK,0
4709-LKHYG,0
2504-DSHIH,1
2040-LDIWQ,1
6496-JDSSB,0
9408-SSNVZ,0
4443-EMBNA,1
6469-MRVET,0
0742-MOABM,0
5961-VUSRV,0
6341-JVQGF,0
2232-DMLXU,0
4811-JBUVU,1
0945-TSONX,1
2651-ZCBXV,1
3316-UWXUY,0
8937-RDTHP,0
7083-MIOPC,0
1984-GPTEH,1
1251-KRREG,1
9903-LYSAB,1
0094-OIFMO,0
9227-UAQFT,0
7301-ABVAD,1
6614-FHDBO,1
7576-ASEJU,0
9058-HRZSV,0
4522-AKYLR,0
0221-WMXNQ,0
0303-UNCIP,1
9947-OTFQU,0
0322-YINQP,0
0959-WHOKV,1
4075-JFPGR,0
4629-NRXKX,0
3282-ZISZV,1
3675-YDUPJ,0
7017-VFHAY,1
6655-LHBYW,1
4959-JOSRX,0
3606-TWKGI,1
7529-ZDFXI,1
1950-KSVVJ,1
0123-CRBRT,1
6292-TOSSS,1
3197-ARFOY,0
6323-AYBRX,0
7014-ZZXAW,1
4385-GZQXV,0
7633-MVPUY,0
4716-HHKQH,1
5940-AHUHD,0
6432-TWQLB,1
4484-GLZOU,1
3179-GBRWV,0
4130-MZLCC,0
0314-TKOSI,0
8229-MYEJZ,0
2080-SRCDE,1
9577-WJVCQ,1
9512-UIBFX,0
6202-DYYFX,1
3808-HFKDE,0
5583-SXDAG,0
3488-PGMQJ,0
3580-REOAC,0
7534-BFESC,1
3727-OWVYD,0
2294-SALNE,0
4847-TAJYI,0
1563-IWQEX,0
8203-XJZRC,0
6556-DBKZF,0
6851-WEFYX,1
2985-JUUBZ,1
6390-DSAZX,0
0895-LMRSF,0
8098-LLAZX,1
8266-VBFQL,0
2240-HSJQD,1
1248-DYXUB,1
0265-EDXBD,1
4115-BNPJY,0
3167-SNQPL,1
4091-TVOCN,1
1098-TDVUQ,0
7277-OZCGZ,0
1557-EMYVT,1
2799-ARNLO,0
7563-BIUPC,0
5027-YOCXN,1
3973-SKMLN,0
2321-OMBXY,0
2840-XANRC,0
6745-JEFZB,1
5020-ZSTTY,1
8705-WZCYL,0
7102-JJVTX,0
4983-CLMLV,1
5701-YVSVF,0
5804-LEPIM,0
2739-CACDQ,1
9385-EHGDO,0
9498-FIMXL,0
2379-GYFLQ,1
0122-OAHPZ,1
2868-SNELZ,1
4322-RCYMT,1
6680-NENYN,1
2088-IEBAU,1
7982-VCELR,0
1343-EHPYB,1
6035-BXTTY,0
6885-PKOAM,1
7520-HQWJU,1
9639-BUJXT,0
5924-SNGKP,0
0021-IKXGC,1
2034-GDRCN,0
8966-SNIZF,0
4654-DLAMQ,0
0513-RBGPE,1
5160-UXJED,0
4115-NZRKS,0
0219-YTZUE,1
4572-DVCGN,0
3351-NGXYI,1
8984-EYLLL,1
9833-TGFHX,1
9294-TDIPC,0
5229-DTFYB,0
0104-PPXDV,0
5176-LMJXE,0
3583-KRKMD,0
1010-DIAUQ,0
9069-LGEUL,0
7302-ZHMHP,0
9571-EDEBV,1
3520-FJGCV,1
6563-VRERX,0
0259-GBZSH,1
2805-EDJPQ,1
6862-CQUMB,0
7156-MXBJE,1
9601-BRXPO,1
2863-IMQDR,1
5686-CMAWK,1
5651-CRHKQ,0
6905-NIQIN,0
5167-ZFFMM,1
6583-SZVGP,1
4895-TMWIR,0
0533-BNWKF,1
8782-LKFPK,1
5522-JBWMO,0
3597-MVHJT,1
9774-NRNAU,1
0224-RLWWD,0
9967-ATRFS,0
3951-NJCVI,1
2977-CEBSX,1
0177-PXBAT,1
6599-CEBNN,0
5876-QMYLD,0
2277-AXSDC,0
9442-JTWDL,0
0979-PHULV,1
3067-SVMTC,0
5495-GPSRW,0
7606-BPHHN,0
4742-DRORA,1
0111-KLBQG,0
4800-VHZKI,0
7989-CHGTL,0
0334-GDDSO,1
4163-NCJAK,1
5233-AOZUF,1
5973-EJGDP,1
1996-DBMUS,0
7916-VCCPB,0
4686-GEFRM,1
5249-QYHEX,1
0578-SKVMF,0
5564-NEMQO,0
2233-FAGXV,1
5605-IYGFG,0
7663-ZTEGJ,1
3935-TBRZZ,1
2055-SIFSS,1
2806-MLNTI,1
8734-DKSTZ,1
4360-PNRQB,1
6152-ONASV,1
9063-ZGTUY,0
2181-UAESM,0
2957-LOLHO,0
6048-NJXHX,0
4980-URKXC,0
4376-KFVRS,1
5886-VLQVU,1
3577-AMVUX,0
0771-WLCLA,1
5628-RKIFK,1
0206-TBWLC,1
2937-FTHUR,1
1910-FMXJM,0
7752-XUSCI,1
4110-PFEUZ,0
0732-OCQOC,1
5168-MSWXT,0
1090-ESELR,0
8592-PLTMQ,1
5760-WRAHC,0
0256-LTHVJ,0
4785-FCIFB,1
8313-NDOIA,1
5149-CUZUJ,0
0942-KOWSM,0
4237-CLSMM,0
1452-VOQCH,1
4719-UMSIY,0
6614-VBEGU,0
0880-TKATG,1
3811-VBYBZ,1
1480-BKXGA,1
9076-AXYIK,1
5968-XQIVE,1
8896-RAZCR,0
4640-UHDOS,0
4933-IKULF,0
3583-EKAPL,0
1304-BCCFO,0
4104-PVRPS,0
9399-APLBT,0
2359-KMGLI,1
3780-DDGSE,0
4431-EDMIQ,0
0306-JAELE,0
6227-HWPWX,0
0486-LGCCH,0
4612-SSVHJ,0
5168-MQQCA,1
5949-XIKAE,0
7971-HLVXI,1
9094-AZPHK,1
3649-JPUGY,1
8372-JUXUI,1
3552-CTCYF,1
6778-YSNIH,0
0388-EOPEX,0
5756-OZRIO,1
6579-JPICP,0
4134-BSXLX,0
0505-SPOOW,0
7783-YKGDV,1
4374-YMUSQ,1
4513-CXYIX,1
3957-HHLMR,1
7803-XOCCZ,0
5736-YEJAX,1
5609-CEBID,1
8981-FJGLA,1
7218-HKQFK,0
4636-QRJKY,1
1135-LMECX,0
4332-MUOEZ,0
8535-SFUTN,1
5956-VKDTT,1
8677-HDZEE,1
2475-MROZF,1
9412-GHEEC,1
3482-ABPKK,0
6705-LXORM,0
0257-ZESQC,0
7531-GQHME,0
5174-ITUMV,1
4109-CYRBD,1
0913-XWSCN,1
6825-UYPFK,1
8397-MVTAZ,1
0750-EBAIU,0
8606-CIQUL,1
3571-DPYUH,1
7601-GNDYK,0
0356-OBMAC,1
8067-NIOYM,0
1403-GYAFU,0
4234-XTNEA,0
1297-VQDRP,1
9282-IZGQK,1
5348-CAGXB,1
0621-HJWXJ,1
5844-QVTAT,0
8905-IAZPF,0
5394-MEITZ,0
6859-QNXIQ,1
2782-LFZVW,1
2866-IKBTM,0
1342-JPNKI,1
7129-AZJDE,0
6986-IJDHX,0
2560-PPCHE,1
4676-MQUEA,1
8138-EALND,0
3580-HYCSP,1
1352-HNSAW,1
2075-PUEPR,0
1982-FEBTD,1
5301-GAUUY,1
5791-KAJFD,1
2654-VBVPB,0
1154-HYWWO,0
2501-XWWTZ,0
3716-UVSPD,0
6815-ABQFQ,1
7343-EOBEU,1
3701-SFMUH,0
6103-LIANB,1
7319-VENRZ,0
5846-NEQVZ,0
6967-QIQRV,0
5781-RFZRP,1
0939-YAPAF,1
7293-LSCDV,0
7025-WCBNE,1
5756-JYOJT,0
4710-FDUIZ,1
6030-REHUX,1
9548-LIGTA,0
5150-LJNSR,1
8270-RKSAP,0
6522-YRBXD,1
2640-LYMOV,0
1218-VKFPE,0
3627-FHKBK,0
2865-TCHJW,1
1423-BMPBQ,0
2393-DIVAI,0
5192-EBGOV,1
4568-KNYWR,0
8752-IMQOS,0
0742-LAFQK,1
0795-LAFGP,1
0619-OLYUR,1
5512-IDZEI,1
0459-SPZHJ,1
0215-BQKGS,0
9244-ZVAPM,0
0719-SYFRB,1
5172-MIGPM,1
1710-RCXUS,1
0374-FIUCA,0
5839-SUYVZ,0
5173-ZXXXL,0
1096-ADRUX,1
2001-MCUUW,1
2731-GJRDG,1
4723-BEGSG,1
6516-NKQBO,0
8672-OAUPW,0
8207-DMRVL,1
3419-SNJJD,1
4765-OXPPD,0
2804-ETQDK,0
6689-VRRTK,1
7138-GIRSH,1
9396-ZSFLL,1
7134-MJPDY,1
5240-CAOYT,1
4059-IIEBK,1
0516-UXRMT,1
4851-BQDNX,0
5148-HKFIR,0
1009-IRMNA,0
3003-CMDUU,0
5016-IBERQ,1
6797-UCJHZ,1
2469-DTSGX,1
4554-YGZIH,1
5099-BAILX,1
9931-KGHOA,1
1775-KWJKQ,1
7665-VIGUD,0
7207-RMRDB,1
7954-MLBUN,0
2077-DDHJK,1
4913-EHYUI,1
0195-IESCP,1
9574-BOSMD,1
4580-TMHJU,0
0970-ETWGE,0
4908-XAXAY,0
8404-VLQFB,1
1626-ERCMM,1
0887-HJGAR,0
2391-IPLOP,1
5644-PDMZC,1
3509-GWQGF,0
9576-ANLXO,0
2024-BASKD,0
5845-BZZIB,0
1140-UKVZG,1
4160-AMJTL,0
5183-SNMJQ,0
8100-PNJMH,1
7838-LAZFO,0
4464-JCOLN,0
2085-JVGAD,0
8095-WANWK,0
3030-ZKIWL,0
9565-FLVCG,1
8755-OGKNA,0
2800-VEQXM,0
7538-GWHML,0
3859-CVCET,0
5642-MHDQT,0
3088-FVYWK,1
3276-HDUEG,1
9092-GDZKO,1
3729-OWRVL,1
2324-AALNO,1
5760-IFJOZ,1
2826-UWHIS,1
1448-PWKYE,0
7501-IWUNG,0
4957-TREIR,0
7251-LJBQN,1
8040-MNRTF,0
1536-HBSWP,0
5313-FPXWG,1
0067-DKWBL,0
5076-YVXCM,1
8262-COGGB,0
6663-JOCQO,1
9620-QJREV,0
2276-YDAVZ,1
2682-KEVRP,0
2480-JZOSN,0
0078-XZMHT,1
5896-NPFWW,0
9978-HYCIN,0
8338-QIUNR,1
1525-LNLOJ,1
9450-TRJUU,1
1766-GKNMI,1
6942-LBFDP,0
1456-TWCGB,0
7133-VBDCG,0
7596-ZYWBB,0
8329-UTMVM,1
3014-WJKSM,0
3347-YJZZE,1
1029-QFBEN,0
7929-DMBCV,0
9661-JALZV,1
5433-KYGHE,1
4312-KFRXN,1
5575-TPIZQ,1
9944-AEXBM,1
6952-OMNWB,1
4697-LUPSU,0
8434-VGEQQ,0
4952-YSOGZ,1
1589-AGTLK,0
5244-IRFIH,1
6549-YMFAW,0
4950-HKQTE,1
6786-OBWQR,0
2684-EIWEO,1
2753-JMMCV,1
6439-GTPCA,1
6621-YOBKI,0
1216-JWVUX,0
7564-GHCVB,1
1173-NOEYG,1
6647-ZEDXT,1
2521-NPUZR,0
1307-TVUFB,1
7503-MIOGA,1
4381-MHQDC,1
6923-JHPMP,0
5138-WVKYJ,1
4018-PPNDW,1
1635-FJFCC,0
2499-AJYUA,1
6919-ELBGL,1
3966-HRMZA,0
6425-JWTDV,0
8405-IGQFX,0
8224-IVVPA,0
9477-LGWQI,0
1410-RSCMR,0
3115-CZMZD,0
0139-IVFJG,0
6683-VLCTZ,1
5730-DBDSI,0
0030-FNXPP,0
2189-WWOEW,0
5684-FJVYR,1
4013-GUXND,0
1894-IGFSG,0
7379-POKDZ,0
1266-NZYUI,1
7969-FFOWG,0
5175-WLYXL,1
7817-OMJNA,0
8728-SKJLR,0
3137-NYQQI,0
7706-DZNKK,0
0236-HFWSV,1
3900-AQPHZ,0
5842-POCOP,0
2037-XJFUP,0
8823-RLPWL,1
7314-OXENN,1
3758-CKOQL,1
0322-CHQRU,0
5676-CFLYY,0
7521-AFHAB,0
0285-INHLN,0
4678-DVQEO,0
0691-IFBQW,1
4992-LTJNE,1
2202-OUTMO,1
0810-BDHAW,1
0229-LFJAF,1
3442-ZHHCC,1
5726-CVNYA,0
9871-ELEYA,0
5173-WXOQV,0
2040-OBMLJ,1
6286-ZHAOK,1
3807-XHCJH,0
3009-JWMPU,1
5671-RQRLP,1
1450-GALXR,1
8859-AXJZP,1
3174-AKMAS,0
3138-BKYAV,0
9926-PJHDQ,1
7382-DFJTU,0
2798-NYLMZ,1
4289-DTDKW,1
1820-TQVEV,0
2239-JALAW,1
4853-RULSV,1
8098-TDCBU,1
4785-NKHCX,0
3196-NVXLZ,1
6275-YDUVO,0
0036-IHMOT,0
0115-TFERT,1
4178-EGMON,1
4220-TINQT,1
5318-YKDPV,0
7975-TZMLR,1
0295-QVKPB,0
4335-BSMJS,1
2311-QYMUQ,0
3643-AHCFP,1
9146-JRIOX,1
3104-OWCGK,0
9101-BWFSS,1
9650-VBUOG,1
3487-EARAT,0
2672-TGEFF,1
9231-ZJYAM,0
4250-WAROZ,1
8184-WMOFI,0
6982-SSHFK,0
6092-QZVPP,0
4625-LAMOB,0
0727-BMPLR,1
0392-BZIUW,1
1038-ZAGBI,0
3027-ZTDHO,0
0422-OHQHQ,0
6916-HIJSE,0
9778-OGKQZ,1
7408-OFWXJ,1
6007-TCTST,1
2252-NKNSI,1
8713-IGZSO,1
7905-TVXTA,0
7695-PKLCZ,0
2382-BCKQJ,1
8374-UULRV,1
2207-NHRJK,0
3224-DFQNQ,1
4795-UXVCJ,0
9777-IQHWP,1
0947-MUGVO,0
9944-HKVVB,0
4124-MMETB,1
3671-SHRSP,0
2732-ISEZX,0
3313-QKNKB,1
0323-XWWTN,1
1937-OTUKY,1
1573-LGXBA,0
1764-VUUMT,0
4713-ZBURT,1
0207-MDKNV,0
7945-HLKEA,1
9342-VNIMQ,1
9851-KIELU,0
3523-BRGUW,0
3908-BLSYF,0
3199-NPKCN,1
4661-NJEUX,0
2123-AGEEN,0
1258-YMZNM,1
0048-LUMLS,0
7549-MYGPK,1
5898-IGSLP,1
3804-RVTGV,1
6259-WJQLC,1
7997-EASSD,1
0730-KOAVE,1
8975-SKGRX,1
0678-RLHVP,1
4315-MURBD,0
2267-FPIMA,1
1051-GEJLJ,0
9734-YWGEX,1
2719-BDAQO,0
5285-MVEHD,0
0379-DJQHR,0
0781-LKXBR,1
5543-QDCRY,0
0297-RBCSG,0
4694-PHWFW,0
0835-JKADZ,1
1907-UBQFC,0
7508-SMHXL,1
3865-YIOTT,1
5993-BQHEA,0
6024-RUGGH,1
6513-EECDB,1
3956-CJUST,0
6103-BOCOU,1
5149-TGWDZ,0
7471-WNSUF,1
8942-DBMHZ,0
4301-VVZKA,1
9199-PWQVC,1
4824-GUCBY,0
5393-HJZSM,0
7074-IEVOJ,1
9625-QSTYE,0
0862-PRCBS,1
8812-ZRHFP,0
5146-CBVOE,0
0454-OKRCT,0
5787-KXGIY,0
4750-ZRXIU,1
6630-UJZMY,1
5709-LVOEQ,0
6400-BWQKW,1
2692-AQCPF,1
0347-UBKUZ,0
0835-DUUIQ,0
7567-ECMCM,0
6353-BRMMA,1
6680-WKXRZ,1
6231-WFGFH,0
9904-EHEVJ,1
7028-DVOIQ,1
6169-PPETC,0
4208-UFFGW,0
8584-KMVXD,0
8467-WYNSR,0
0851-DFJKB,0
5382-SOYZL,1
9448-REEVD,0
3261-CQXOL,1
8388-FYNPZ,0
4002-BQWPQ,1
5651-YLPRD,0
4378-BZYFP,0
9489-UTFKA,0
4849-PYRLQ,1
9117-SHLZX,0
9889-TMAHG,0
4541-RMRLG,0
7764-BDPEE,0
3429-IFLEM,0
3158-MOERK,1
7294-TMAOP,0
5002-GCQFH,1
0556-FJEGU,0
0604-THJFP,0
2834-JRTUA,1
5875-YPQFJ,0
5879-SESNB,1
6646-QVXLR,1
6461-PPAXN,0
3318-ISQFQ,0
1106-HRLKZ,0
2483-XSSMZ,0
8603-IJWDN,1
8165-ZJRNM,1
9369-XFEHK,1
2604-XVDAM,0
3717-OFRTN,0
9046-JBFWA,0
3280-NMUVX,0
1206-EHBDD,0
8361-LBRDI,1
4883-KCPZJ,1
9108-EQPNQ,1
7277-KAMWT,0
3842-IYKUE,1
6641-XRPSU,0
1374-DMZUI,1
2545-LXYVJ,0
3234-VKACU,0
8357-EQXFO,0
1989-PRJHP,1
8120-JDCAM,0
8917-FAEMR,0
7047-YXDMZ,0
2858-EIMXH,1
9524-EGPJC,1
6993-OHLXR,0
8818-XYFCQ,1
6419-ZTTLE,0
0929-HYQEW,0
7426-RHZGU,0
4065-JJAVA,0
4695-VADHF,0
3863-IUBJR,0
7649-SIJJF,1
9361-YNQWJ,1
9391-TTOYH,0
1452-XRSJV,0
3422-WJOYD,0
8242-SOQUO,0
7460-ITWWP,0
7147-AYBAA,0
7868-TMWMZ,0
4822-RVYBB,1
6732-FZUGP,1
8436-BJUMM,1
4184-TJFAN,0
8329-GWVPJ,0
1352-VHKAJ,1
4145-UQXUQ,0
2632-TACXW,1
8146-QQKZH,0
1767-CJKBA,1
6445-TNRXS,1
4869-EPIUS,0
9948-YPTDG,0
1236-WFCDV,0
1915-OAKWD,0
7296-PIXQY,0
4883-QICIH,0
3354-OADJP,0
3524-WQDSG,1
0810-DHDBD,1
4026-SKKHW,0
2829-HYVZP,0
8329-IBCTI,0
7013-PSXHK,1
5981-ITEMU,1
3486-NPGST,0
6941-PMGEP,0
1624-WOIWJ,0
2074-GKOWZ,0
0376-YMCJC,1
6100-FJZDG,0
4829-ZLJTK,1
1730-VFMWO,0
7143-BQIBA,0
3800-LYTRK,0
0634-SZPQA,1
9646-NMHXE,0
7030-NJVDP,0
5536-RTPWK,1
8883-GRDWQ,0
6166-ILMNY,0
3097-NNSPB,0
0655-RBDUG,1
2111-DWYHN,0
4194-WHFCB,1
4121-AGSIN,1
4361-BKAXE,1
9845-PEEKO,1
0455-XFASS,0
0301-KOBTQ,0
1751-NCDLI,1
4367-NUYAO,1
9878-TNQGW,0
9170-ARBTB,0
4441-NIHPT,0
8999-BOHSE,0
7241-AJHFS,1
7029-RPUAV,1
4546-FOKWR,1
9036-CSKBW,1
5832-TRLPB,0
8590-YFFQO,0
8659-IOOPU,1
1338-CECEE,1
7439-DKZTW,0
4646-QZXTF,0
4607-CHPCA,0
9742-XOKTS,1
6921-OZMFH,1
9578-FOMUK,1
4712-UYOOI,0
8824-RWFXJ,0
7722-CVFXN,1
8717-VCTXJ,0
7363-QTBIW,0
4159-NAAIX,1
0971-QIFJK,1
9397-TZSHA,1
3391-JSQEW,0
9763-PDTKK,0
2176-LVPNX,1
7627-JKIAZ,1
3312-UUMZW,1
1271-UODNO,1
8461-EFQYM,1
6900-RBKER,1
6891-JPYFF,1
1047-NNCBF,0
3696-XRIEN,1
0074-HDKDG,0
8791-GFXLZ,0
8111-SLLHI,1
0927-LCSMG,0
9330-DHBFL,0
0098-BOWSO,0
3452-ABWRL,1
5859-HZYLF,0
8257-RZAHR,1
5293-WXJAK,1
3156-QLHBO,0
2208-NQBCT,0
1779-PWPMG,1
6621-NRZAK,0
0831-JNISG,0
0774-IFUVM,1
3082-WQRVY,0
9553-DLCLU,1
1641-BYBTK,0
2460-NGXBJ,1
2446-ZKVAF,1
3522-CDKHF,0
0411-EZJZE,1
7851-WZEKY,1
8844-TONUD,0
8992-CEUEN,0
4320-QMLLA,0
8777-PVYGU,0
8292-ITGYJ,1
6870-ZWMNX,1
0621-CXBKL,0
5268-DSMNQ,1
5334-JLAXU,1
4086-YQSNZ,0
6242-MBHPK,0
9359-UGBTK,0
0135-NMXAP,1
4782-OSFXZ,1
6479-OAUSD,0
7129-ACFOG,1
4189-NAKJS,1
5562-BETPV,0
9127-FHJBZ,1
6270-OMFIW,0
1641-RQDAY,1
0107-WESLM,0
6994-ORCWG,1
1346-UFHAX,1
3992-YWPKO,1
2933-XEUJM,1
0125-LZQXK,0
5461-QKNTN,1
4835-YSJMR,0
8399-YNDCH,0
0887-WBJVH,0
4660-IRIBM,0
5673-FSSMF,1
7670-ZBPOQ,1
8089-UZWLX,1
0080-OROZO,0
3916-NRPAP,0
6807-SIWJI,1
8221-HVAYI,1
1579-KLYDT,1
5232-NXPAY,0
8967-SZQAS,0
4468-KAZHE,0
0455-ENTCR,1
8944-AILEF,0
5542-NKVRU,0
7126-RBHSD,1
5370-IIVVL,1
6789-HJBWG,0
3927-NLNRY,0
9087-EYCPR,1
6358-LYNGM,1
6077-BDPXA,0
0013-MHZWF,0
5494-HECPR,0
8268-YDIXR,1
9824-BEMCV,0
1373-ORVIZ,1
4291-SHSBH,0
6980-IMXXE,0
9866-QEVEE,1
9897-KXHCM,0
0040-HALCW,0
0784-GTUUK,1
7979-CORPM,1
2294-DMMUS,1
0872-JCPIB,1
9091-WTUUY,0
1618-CFHME,1
3165-HDOEW,0
7115-IRDHS,1
8496-DMZUK,1
2040-VZIKE,1
9068-VPWQQ,1
0178-SZBHO,1
0384-RVBPI,0
1689-MRZQR,0
1299-AURJA,1
4525-VZCZG,0
1543-LLLFT,1
5835-BEQEU,1
2788-CJQAQ,0
5565-FILXA,1
0319-QZTCO,0
2120-SMPEX,0
0096-FCPUF,1
5552-ZNFSJ,0
2223-KAGMX,0
6507-ZJSUR,0
9408-HRXRK,1
5593-SUAOO,1
7321-PKUYW,1
2833-SLKDQ,0
6766-HFKLA,1
7595-EUIVN,0
7617-EYGLW,0
2026-TGDHM,0
9220-ZNKJI,0
2226-ICFDO,1
5529-GIBVH,0
4187-CINZD,0
9992-UJOEL,0
4741-WWJQZ,0
6625-UTXEW,0
6818-WOBHJ,1
6244-BESBM,0
1004-NOZNR,0
1251-STYSZ,1
2612-PHGOX,1
2408-TZMJL,1
8480-PPONV,1
8780-IHCRN,1
1257-SXUXQ,0
9681-KYGYB,1
7182-OVLBJ,1
5095-ETBRJ,0
7005-CYUIL,0
4821-WQOYN,0
3452-FLHYD,0
2388-LAESQ,1
9531-NSBMR,0
6260-ONULR,0
4389-UEFCZ,1
8711-LOBKY,0
9134-CEQMF,0
8985-OOPOS,0
8800-ZKRFW,1
2616-FLVQC,0
9968-FFVVH,1
3108-PCCGG,1
7993-PYKOF,0
8390-FESFV,1
3022-BEXHZ,1
5027-XWQHA,0
6248-TKCQV,1
6729-GDNGC,0
6198-ZFIOJ,1
4566-QVRRW,0
1291-CUOCY,1
9795-SHUHB,0
3230-IUALN,0
0042-RLHYP,0
8519-IMDHU,1
4945-RVMTE,0
0201-OAMXR,1
1866-NXPSP,0
3372-KWFBM,1
7831-QGOXH,1
6393-WRYZE,1
1661-CZBAU,1
6599-RCLCJ,1
9831-BPFRI,1
5158-RIVOP,0
9788-YTFGE,0
9277-JOOMO,1
1907-YLNYW,0
1725-MIMXW,0
8947-YRTDV,0
3161-ONRWK,0
0114-RSRRW,0
4565-NLZBV,1
0031-PVLZI,0
7206-GZCDC,0
4791-QRGMF,1
6475-VHUIZ,0
3910-MRQOY,0
0661-WCQNQ,0
4656-CAURT,1
4671-LXRDQ,0
3733-LSYCE,0
6265-FRMTQ,0
1934-SJVJK,0
3838-OZURD,1
9269-CQOOL,0
2017-CCBLH,0
7690-KPNCU,0
0536-BGFMZ,0
2293-IJWPS,1
2845-HSJCY,1
5469-NUJUR,0
1184-PJVDB,0
4102-HLENU,1
7266-GSSJX,0
7073-QETQY,0
9415-DPEWS,1
5624-RYAMH,0
0196-JTUQI,1
7130-YXBRO,1
9272-LSVYH,0
7943-RQCHR,1
3793-MMFUH,1
3249-ZPQRG,1
2568-BRGYX,0
3084-DOWLE,1
1084-MNSMJ,0
7249-WBIYX,1
4238-HFHSN,1
6250-CGGUN,0
5478-JJVZK,1
7596-IIWYC,0
6567-HOOPW,0
9793-WECQC,0
4291-HPAXL,0
8999-YPYBV,0
1839-FBNFR,0
3164-AALRN,0
3071-MVJCD,1
1697-BCSHV,1
1131-SUEKT,0
3717-OEAUQ,0
4538-WNTMJ,1
3334-CTHOL,1
4704-ERYFC,0
9432-RUVSL,0
8060-HIWJJ,1
7684-XSZIY,1
9089-UOWJG,0
8621-MNIHH,1
8039-ACLPL,0
9885-AIBVB,1
1934-MKPXS,0
2592-YKDIF,0
2272-JKMSI,1
0471-LVHGK,1
9518-RWHZL,1
8714-CTZJW,0
3569-EDBPQ,1
3131-NWVFJ,0
7521-YXVZY,0
5419-CONWX,0
2373-NTKOD,0
1970-KKFWL,1
6960-HVYXR,1
9337-SRRNI,1
5678-VFNEQ,1
5977-CKHON,1
7024-OHCCK,1
2692-BUCFV,0
7861-UVUFT,0
1830-GGFNM,1
5302-BDJNT,1
5223-UZAVK,0
5651-WYIPH,0
9350-VLHMB,1
3498-LZGQZ,0
8785-CJSHH,1
5357-TZHPP,1
3870-SPZSI,1
0680-DFNNY,1
7560-QRBXH,0
7077-XJMET,0
8752-GHJFU,1
6896-SRVYQ,0
7767-UXAGJ,1
4652-ODEVH,1
6510-UPNKS,1
6718-BDGHG,1
9046-DQMTP,0
6439-LAJXL,0
1571-SAVHK,1
9052-VKDUW,1
9546-CQJSU,1
1666-JZPZT,1
5777-KJIRB,0
0506-LVNGN,0
7677-SJJJK,0
2480-EJWYP,1
3253-HKOKL,0
7055-HNEOJ,0
5514-YQENT,0
3211-AAPKX,1
8445-DNBAE,1
2951-QOQTK,1
2958-NHPPS,0
6806-YDEUL,0
1735-XMJVH,0
6890-PFRQX,1
5899-OUVKV,0
8681-ICONS,0
1621-YNCJH,1
3473-XIIIT,1
6362-QHAFM,1
7893-IXHRQ,0
3070-BDOQC,0
2952-QAYZF,1
6234-PFPXL,1
9824-QCJPK,0
4763-PGDPO,0
4283-IVYCI,0
1866-OBPNR,0
8205-MQUGY,0
8970-ANWXO,1
9480-BQJEI,1
5394-SVGJV,1
6979-TNDEU,0
9777-WJJPR,1
9283-LZQOH,1
7079-QRCBC,1
9495-SKLKD,1
6048-UWKAL,1
5067-DGXLL,0
5469-CTCWN,1
9851-QXEEQ,1
9290-SHCMB,0
0743-HNPFG,0
2277-BKJKN,0
9809-IMGCQ,1
5208-HFSBT,0
5035-PGZXH,1
8695-WDYEA,0
6543-JXSOO,0
8016-ZMGMO,1
8605-ITULD,0
3254-YRILK,1
6416-YJTTB,0
2667-WYLWJ,0
4472-VESGY,1
3195-TQDZX,0
3128-YOVTD,0
0529-ONKER,1
1728-CXQBE,1
5014-GSOUQ,0
5724-BIDBU,1
0481-SUMCB,1
1769-GRUIK,0
5240-IJOQT,1
7427-AUFPY,0
2811-POVEX,0
1092-GANHU,0
7898-PDWQE,1
9972-EWRJS,0
9314-IJWSQ,1
5799-JRCZO,0
1921-KYSAY,1
6198-RTPMF,1
2924-KHUVI,1
1925-GMVBW,0
6184-DYUOB,0
9207-ZPANB,1
5766-XQXMQ,0
9327-QSDED,0
1656-DRSMG,1
3012-VFFMN,0
2984-AFWNC,0
0640-YJTPY,0
8096-LOIST,0
9764-REAFF,0
3703-VAVCL,0
7107-UBYKY,1
4881-GQJTW,0
8519-QJGJD,0
7876-DNYAP,0
7905-NJMXS,1
2882-WDTBA,0
2091-GPPIQ,1
6326-MTTXK,1
5071-FBJFS,0
2796-UUZZO,0
2429-AYKKO,0
9798-OPFEM,0
0330-IVZHA,0
3794-NFNCH,0
5193-QLVZB,1
7114-AEOZE,0
2886-KEFUM,1
5522-NYKPB,0
4237-RLAQD,0
9957-YODKZ,1
6518-KZXCB,1
2245-ADZFJ,1
7776-QGYJC,0
9313-QOLTZ,0
9651-GTSAQ,0
3186-BAXNB,0
4672-FOTSD,1
0637-YLETY,1
9818-XQCUV,0
1157-BQCUW,1
3223-DWFIO,0
2660-EMUBI,1
6968-GMKPR,0
4751-ERMAN,0
1436-ZMJAN,0
3292-PBZEJ,1
0799-DDIHE,0
3070-FNFZQ,0
2812-SFXMJ,0
7675-OZCZG,0
5014-WUQMG,0
5312-TSZVC,0
2003-CKLOR,0
0993-OSGPT,0
9254-RBFON,0
1205-WNWPJ,0
9391-EOYLI,0
7108-DGVUU,1
5127-BZENZ,1
2720-FVBQP,1
4522-XRWWI,1
3766-EJLFL,1
5939-SXWHM,1
8152-UOBNY,1
7351-KYHQH,0
7643-RCHXS,0
8246-SHFGA,0
8387-MOJJT,0
0620-XEFWH,0
6485-QXWWE,1
2761-OCIAX,0
7321-VGNKU,0
5327-CNLUQ,1
7552-KEYGT,0
5816-JMLGY,0
3068-OMWZA,1
2927-QRRQV,1
6032-KRXXO,0
7459-RRWQZ,1
6265-SXWBU,1
7941-RCJOW,0
6374-NTQLP,0
4154-AQUGT,0
2387-KDZQY,0
3584-WKTTW,1
3399-BMLVW,0
1971-DTCZB,1
3092-IGHWF,1
3374-PZLXD,0
2812-REYAT,0
6518-PPLMZ,0
4939-KYYPY,1
8017-LXHFA,0
5930-GBIWP,1
6352-TWCAU,1
2361-UPSND,0
6035-RIIOM,1
2929-QNSRW,1
1262-OPMFY,0
9504-DSHWM,1
5035-BVCXS,0
6267-DCFFZ,1
3533-UVMOM,0
2439-LYPMQ,1
4248-QPAVC,1
1899-VXWXM,1
1478-VPOAD,0
2988-PLAHS,0
1371-OJCEK,1
8883-ANODQ,1
4690-LLKUA,0
2351-RRBUE,0
5980-BDHPY,1
1498-DQNRX,0
9469-WEJBT,0
3331-HQDTW,1
9490-DFPMD,1
2581-VKIRT,1
5442-XSDCW,0
7426-WEIJX,1
2851-MMUTZ,0
3049-NDXFL,1
8580-AECUZ,0
6625-FLENO,0
2967-MXRAV,0
7963-GQRMY,0
8189-HBVRW,1
4163-KIUHY,1
1228-FZFRV,1
3500-NSDOA,1
1171-TYKUR,1
3761-FLYZI,1
2058-DCJBE,0
5364-XYIRR,1
4829-AUOAX,1
1219-NNDDO,1
8388-DMKAE,0
4403-BWPAY,1
9659-QEQSY,1
5405-ZMYXQ,1
5047-LHVLY,0
1442-OKRJE,0
4737-AQCPU,1
9158-VCTQB,1
2808-CHTDM,1
6311-UEUME,0
0793-TWELN,1
3283-WCWXT,1
1060-ENTOF,1
0999-QXNSA,0
5451-MHQOF,1
4836-WNFNO,1
9225-BZLNZ,1
0354-VXMJC,0
4422-QVIJA,1
9365-SRSZE,0
6839-ITVZJ,1
8332-OSJDW,1
4735-BJKOU,0
5740-YHGTW,1
8917-SZTTJ,0
7359-WWYJV,1
4906-ZHGPK,1
8593-WHYHV,1
3795-GWTRD,0
1298-PHBTI,1
6223-DHJGV,0
6961-MJKBO,0
6097-EQISJ,1
4423-YLHDV,1
0107-YHINA,1
4918-FYJNT,1
0727-BNRLG,1
4854-CIDCF,0
8640-SDGKB,0
3280-MRDOF,1
6435-SRWBJ,1
9964-WBQDJ,1
6303-KFWSL,1
1702-CCFNJ,1
8932-CZHRQ,1
0386-CWRGM,0
5515-RUGKN,0
0404-AHASP,0
7279-NMVJC,0
2081-VEYEH,0
6407-UTSLV,0
4116-TZAQJ,0
2587-YNLES,0
7398-SKNQZ,1
5935-FCCNB,1
1958-RNRKS,1
5136-RGMZO,1
8345-MVDYC,0
8226-BXGES,1
3877-JRJIP,1
8375-DKEBR,0
9705-IOVQQ,1
1015-OWJKI,0
2040-XBAVJ,1
7551-JOHTI,0
8887-IPQNC,0
8646-JCOMS,1
9804-ICWBG,0
1222-KJNZD,0
0106-GHRQR,1
5318-IXUZF,0
3768-VHXQO,1
8952-WCVCD,0
2418-TPEUN,0
3963-RYFNS,1
3198-VELRD,1
8540-ZQGEA,0
1320-REHCS,1
4137-JOPHL,0
9436-ZBZCT,1
7801-CEDNV,0
2057-BOYKM,1
3658-QQJYD,0
1803-BGNBD,0
0134-XWXCE,0
6950-TWMYB,0
5848-FHRFC,0
2243-FNMMI,0
2511-MORQY,1
5356-KZCKT,1
9470-XCCEM,1
6519-CFDBX,0
3902-MIVLE,1
0409-WTMPL,1
8763-KIAFH,0
3669-WHAFY,1
3055-VTCGS,0
3144-KMTWZ,1
7279-BUYWN,1
7156-MHUGY,0
7198-GLXTC,0
2007-QVGAW,0
5207-PLSTK,0
2307-FYNNL,1
5605-XNWEN,1
2155-AMQRX,1
6181-AXXYF,1
5091-HFAZW,0
0516-VRYBW,0
2519-LBNQL,1
8623-ULFNQ,1
8380-PEFPE,0
5687-DKDTV,0
1568-LJSZU,1
7530-HDYDS,0
7789-HKSBS,1
7416-CKTEP,0
3096-IZETN,0
2348-KCJLT,0
8401-EMUWF,1
4193-IBKSW,1
5377-NDTOU,1
5922-ABDVO,1
2474-LCNUE,1
0839-QNXME,0
3506-OVLKD,1
9172-ANCRX,1
6650-VJONK,0
2178-PMGCJ,0
6016-LVTJQ,0
7860-KSUGX,1
8966-KZXXA,1
6910-HADCM,0
4816-LXZYW,1
9606-PBKBQ,1
5149-QYTTU,1
2070-XYMFH,1
2085-BOJKI,0
0817-HSUSE,0
5442-PPTJY,0
1927-QEWMY,0
1663-MHLHE,0
5663-QBGIS,1
4450-MDZFX,1
7554-AKDQF,0
3536-IQCTX,1
4911-BANWH,1
8496-EJAUI,0
0794-YVSGE,0
5423-BHIXO,1
6908-VVYHM,1
1839-UMACK,1
3030-YDNRM,1
7321-KKSDU,0
3402-XRIUO,1
8286-AFUYI,0
8080-DDEMJ,0
8356-WUAOJ,0
6365-MTGZX,0
1349-WXNGG,0
8058-DMYRU,1
9350-ZXYJC,1
6990-YNRIO,1
8958-JPTRR,1
6959-GQEGV,0
3173-WSSUE,0
1265-HVPZB,0
7369-TRPFD,0
1098-KFQEC,0
7190-XHTWJ,0
0621-TWIEM,0
3537-RYBHH,1
3669-OYSJI,0
1612-EOHDH,0
5296-BFCYD,0
4510-PYUSH,0
9359-JANWS,0
7517-SAWMO,0
4143-HHPMK,0
3279-DYZQM,0
7054-LGEQW,0
9575-IWCAZ,1
7105-MXJLL,0
7064-FRRSW,1
7940-UQQUG,1
0923-PNFUB,0
3961-SXAXY,0
7010-BRBUU,1
3566-HJGPK,0
3062-ICYZQ,1
9938-PRCVK,0
0973-KYVNF,0
5129-HHMZC,1
9637-CDTKZ,1
3946-JEWRQ,1
7873-CVMAW,1
0463-WZZKO,0
3494-JCHRQ,0
6474-FVJLC,1
5832-EXGTT,0
8840-DQLGN,1
2039-JONDJ,0
7217-JYHOQ,0
6695-FRVEC,0
4547-LYTDD,1
9894-QMIMJ,0
6770-XUAGN,0
4193-ORFCL,0
3466-WAESX,1
3638-VBZTA,1
7459-IMVYU,1
7776-QWNFX,0
6689-TCZHQ,0
8563-OYMQY,0
0754-EEBDC,0
5777-ZPQNC,0
1951-IEYXM,1
3318-NMQXL,0
3143-ILDAL,1
1022-RKXDR,1
2272-UOINI,0
8232-UTFOZ,0
3750-YHRYO,0
5668-MEISB,1
0129-QMPDR,0
7188-CBBBA,1
5356-CSVSQ,1
3221-CJMSG,0
4720-VSTSI,1
3219-JQRSL,1
2801-NISEI,0
3946-MHCZW,0
4623-ZKHLY,0
6732-VAILE,1
8201-AAXCB,1
7696-CFTAT,0
1845-CSBRZ,1
2123-VSCOT,1
6651-AZVTJ,1
4566-GOLUK,1
2484-DGXPZ,0
2018-QKYGT,0
2792-VPPET,0
7409-JURKQ,1
3247-MHJKM,0
1964-SVLEA,0
4587-NUKOX,0
7297-DVYGA,0
2239-CGBUZ,0
0854-UYHZD,0
7243-LCGGZ,0
8267-KFGYD,0
4890-VMUAV,1
9261-WDCAF,0
3764-MNMOI,0
7442-YGZFK,1
8229-BUJHX,0
7449-HVPIV,1
5504-WSIUR,1
8183-ONMXC,0
8466-PZBLH,1
9614-RMGHA,1
8735-IJJEG,0
0564-MUUQK,1
5054-IEXZT,0
5834-ASPWA,1
0701-RFGFI,1
0019-EFAEP,1
5619-PTMIK,1
3737-XBQDD,1
5846-QFDFI,1
4445-KWOKW,1
3511-APPBJ,0
7967-HYCDE,0
2430-RRYUW,0
3948-XHGNA,0
3723-BFBGR,1
0565-IYCGT,1
5447-WZAFP,0
5445-UTODQ,0
4425-OWHWB,0
7892-QVYKW,1
9675-ICXCT,0
1024-VRZHF,1
4703-MQYKT,0
9497-QCMMS,1
5692-ICXLW,1
0602-DDUML,0
2208-MPXIO,0
1960-UYCNN,1
0348-SDKOL,1
3190-FZATL,0
7336-RLLRH,1
4373-MAVJG,1
7710-JSYOA,1
5419-KLXBN,0
3424-NMNBO,1
4514-GFCFI,1
0607-MVMGC,1
3365-SAIGS,0
9828-AOQLM,0
8022-BECSI,0
8000-REIQB,0
9993-LHIEB,0
0266-CLZKZ,1
3858-VOBET,1
7020-OZKXZ,0
3977-QCRSL,0
1447-PJGGA,0
8565-CLBZW,1
9139-WQQDY,1
0224-HJAPT,1
8086-OVPWV,0
9430-FRQOC,1
7639-OPLNG,1
3074-GQWYX,1
1492-QGCLU,1
6845-RGTYS,1
7328-OWMOM,0
4418-LZMSV,0
5155-AZQPB,1
8861-HGGKB,1
1087-GRUYI,0
7065-YUNRY,0
7694-VLBWQ,1
2546-KZAAT,0
0181-RITDD,0
5989-PGKJB,0
4795-KTRTH,1
8272-ONJLV,0
1488-PBLJN,1
0308-GIQJT,1
3778-FOAQW,0
4452-ROHMO,0
6481-OGDOO,0
3090-LETTY,1
3753-TSEMP,0
8305-VHZBZ,0
9720-JJJOR,0
8100-HZZLJ,0
8775-ERLNB,1
8309-IEYJD,0
9172-JITSM,0
6298-QDFNH,1
7398-HPYZQ,1
3546-GHEAE,0
7361-YPXFS,1
6557-BZXLQ,0
2550-QHZGP,0
7519-JTWQH,1
8543-MSDMF,0
9961-JBNMK,0
1170-SASML,1
5346-BZCHP,0
2038-LLMLM,1
6173-ITPWD,1
9734-UYXQI,1
1216-BGTSP,1
4138-NAXED,1
2189-UXTKY,1
0744-BIKKF,1
7483-IQWIB,1
5248-KWLAR,1
4958-GZWIY,0
7996-MHXLW,1
7833-PKIHD,0
7061-OVMIM,0
5153-RTHKF,1
1852-QSWCD,1
4832-VRBMR,1
9079-LWTFD,1
6356-ELRKD,0
8624-GIOUT,1
3392-EHMNK,1
5986-WWXDV,0
3061-BCKYI,0
6179-GJPSO,0
7901-TBKJX,1
7228-PAQPD,0
3177-LASXD,0
7746-QYVCO,0
5804-HYIEZ,1
9919-FZDED,1
5934-TSSAU,0
3486-KHMLI,1
4897-QSUYC,0
1084-UQCHV,0
8290-YWKHZ,1
2955-BJZHG,0
6784-XYJAE,1
8957-THMOA,0
2251-PYLPB,1
5555-RNPGT,1
1057-FOGLZ,0
9300-RENDD,0
0761-AETCS,0
8087-LGYHQ,0
4137-BTIKL,1
2190-BCXEC,1
6227-FBDXH,1
2153-MREFK,1
2911-WDXMV,1
7206-PQBBZ,0
3106-ULWFW,1
0925-VYDLG,1
4547-FZJWE,0
7422-WNBTY,1
0842-IWYCP,0
3521-HTQTV,1
3744-ZBHON,0
3373-DIUUN,0
8383-SGHJU,1
7607-QKKTJ,1
7707-PYBBH,0
8984-HPEMB,1
4349-GFQHK,1
9779-DPNEJ,0
9805-FILKB,0
5793-YOLJN,0
0673-IGUQO,0
4123-FCVCB,1
8819-IMISP,1
8311-UEUAB,1
5858-EAFCZ,0
1163-ONYEY,1
9787-XVQIU,1
8945-MUQUF,1
6082-OQFBA,0
8051-HJRLT,0
8974-OVACP,0
4010-YLMVT,1
1379-FRVEB,1
8612-GXIDD,1
6288-CHQJB,0
8160-HOWOX,0
3023-GFLBR,1
6648-INWPS,0
4223-BKEOR,0
4079-VTGLK,1
1763-WQFUK,0
1391-UBDAR,0
8894-JVDCV,1
2023-VQFDL,0
1345-GKDZZ,0
2014-MKGMH,1
5628-FCGYG,1
2560-WBWXF,1
0248-IPDFW,1
7978-DKUQH,0
4335-UPJSI,0
0524-IAVZO,1
2737-YNGYW,0
1784-EZDKJ,1
9297-FVVDH,1
8007-YYPWD,1
7101-HRBLJ,0
5159-YFPKQ,0
6635-CPNUN,1
4021-RQSNY,1
5453-YBTWV,0
5039-LZRQT,0
2931-VUVJN,1
9061-TIHDA,1
8699-ASUFO,1
6418-PIQSP,0
8220-OCUFY,0
3995-WFCSM,0
1895-QTKDO,0
2038-OEQZH,0
1178-PZGAB,0
7927-AUXBZ,0
2626-VEEWG,0
2878-RMWXY,1
1657-DYMBM,0
7311-MQJCH,0
7375-WMVMT,0
1136-XGEQU,1
2530-FMFXO,1
6844-DZKRF,0
4695-WJZUE,1
7619-ODSGN,1
5970-GHJAW,0
8879-XUAHX,1
4195-PNGZS,1
5003-XZWWO,1
3988-RQIXO,0
7622-FWGEW,0
6922-NCEDI,0
2514-GINMM,0
9891-NQDBD,1
6131-IUNXN,0
8548-AWOFC,1
9798-DRYDS,1
8532-UEFWH,1
6296-DDOOR,0
7951-VRDVK,0
5931-FLJJF,0
4815-YOSUK,1
2659-VXMWZ,1
0380-NEAVX,0
3207-OYBWH,1
4285-GYRQC,0
7216-EWTRS,1
4365-MSDYN,0
7036-TYDEC,1
5802-ADBRC,1
8076-FEZKJ,0
5197-YPYBZ,1
8337-MSSXB,0
8495-LJDFO,1
0839-JTCUD,1
5494-WOZRZ,0
1302-UHBDD,0
2234-EOFPT,0
8619-IJNDK,0
8378-LKJAF,1
8182-BJDSI,1
2528-HFYZX,0
0788-DXBFY,0
3597-YASZG,1
3496-LFSZU,0
5242-UOWHD,0
2482-CZGBB,0
6479-SZPLM,0
8097-VBQTZ,0
4500-HKANN,1
9917-KWRBE,1
3420-ZDBMA,0
1393-IMKZG,0
3398-GCPMU,1
2908-WGAXL,1
3378-AJRAO,1
1013-QCWAM,1
0866-QLSIR,1
6050-FFXES,1
7181-BQYBV,1
0362-RAOQO,0
9554-DFKIC,1
5527-ACHSO,0
0829-DDVLK,0
1399-UBQIU,0
1813-JLKWR,0
0336-PIKEI,0
7322-OCWHC,1
9537-VHDTA,0
4957-TIALW,0
2054-PJOCK,1
9150-HEPMB,0
9030-QGZNL,0
6204-IEUXJ,0
3126-WQMGH,1
4529-CKBCL,0
2506-CLAKW,0
7176-WRTNX,1
1583-IHQZE,1
5732-IKGQH,0
9239-GZHZE,1
7205-BAIAD,0
0151-ONTOV,0
4140-MUHUG,0
0093-EXYQL,0
8064-RAVOH,0
0219-QAERP,0
0320-JDNQG,0
7180-PISOG,1
9168-INPSZ,1
3571-RFHAR,1
0015-UOCOJ,0
5334-AFQJB,1
2754-SDJRD,1
9578-VRMNM,1
1587-FKLZB,1
6140-QNRQQ,0
8963-JLGJT,0
4307-KTUMW,1
1465-LNTLJ,0
5440-FLBQG,1
2135-DQWAQ,0
4056-QHXHZ,1
7488-MXJIV,1
7401-JIXNM,1
9339-FIIJL,1
2027-FECZV,1
4706-DGAHW,0
3870-MQAMG,1
6670-MFRPK,1
6177-PEVRA,0
4800-CZMPC,1
4813-HQMGZ,1
7579-KKLOE,1
7377-DMMRI,0
8402-EIVQS,0
4947-DSMXK,1
7245-NIIWQ,0
0002-ORFBO,0
3324-OIRTO,0
5414-OFQCB,1
8552-OBVRU,0
8499-BRXTD,0
9154-QDGTH,1
8197-BFWVU,1
2577-GVSIL,1
9367-OIUXP,0
6770-UAYGJ,1
6463-HHXJR,1
7928-VJYAB,0
1187-WILMM,1
9776-OJUZI,1
1306-RPWXZ,0
8949-JTMAY,1
2774-LVQUS,1
3097-PYWXL,0
2266-SJNAT,1
0869-PAPRP,0
4238-JSSWH,1
2972-YDYUW,1
1104-FEJAM,1
2809-ILCYT,1
5499-ECUTN,0
4981-FLTMF,1
9121-PHQSR,1
3113-IWHLC,0
3211-ILJTT,0
4612-THJBS,1
4277-BWBML,0
4094-NSEDU,1
4304-TSPVK,1
1552-AAGRX,1
2637-FKFSY,0
7874-ECPQJ,0
0020-INWCK,1
7089-RKVSZ,1
9548-ZMVTX,1
8739-XNIKG,1
9755-JHNMN,0
3981-QSVQI,0
2789-HQBOU,0
9424-CMPOG,0
5067-WJEUN,0
3450-WXOAT,0
9251-WNSOD,1
6974-DAFLI,0
2616-UUTFK,1
7064-JHXCE,0
5103-MHMHY,0
4373-VVHQL,0
4559-UWIHT,1
7268-IGMFD,1
1846-XWOQN,0
0235-KGSLC,0
6650-BWFRT,1
9570-KYEUA,1
6993-YGFJV,1
2712-SYWAY,1
0730-BGQGF,1
5498-IBWPI,0
9101-NTIXF,0
0013-SMEOE,0
9314-QDMDW,0
9308-ANMVE,0
2884-GBPFB,0
3757-NJYBX,1
3413-DHLPB,1
7649-PHJVR,0
2573-GYRUU,1
1247-QBVSH,0
6734-GMPVK,1
9822-OAOVB,0
6161-ERDGD,1
1226-JZNKR,0
7318-EIVKO,1
3771-PZOBW,1
5136-KCKGI,1
8231-BSWXX,1
6486-LHTMA,1
4083-BFNYK,1
3722-WPXTK,0
5141-ZUVBH,0
1089-HDMKP,0
7623-HKYRK,0
0310-SUCIN,0
5197-PYEPU,1
2929-ERCFZ,0
7548-SEPYI,0
8835-VSDSE,0
6619-RPLQZ,0
3503-TYDAY,1
6901-GOGZG,1
9621-OUPYD,0
9898-KZQDZ,1
8982-NHAVY,1
0141-YEAYS,1
2450-ZKEED,0
9603-OAIHC,0
1133-KXCGE,0
5236-PERKL,1
0142-GVYSN,0
2519-FAKOD,1
8406-LNMHF,0
1821-BUCWY,0
0023-UYUPN,1
1465-WCZVT,0
9481-SFCQY,0
6360-SVNWV,0
0567-GGCAC,0
7089-IVVAZ,1
8884-MRNSU,0
2171-UDMFD,0
9050-IKDZA,0
2205-YMZZJ,1
9802-CAQUT,1
1254-IZEYF,1
0187-WZNAB,0
9492-TOKRI,1
1475-VWVDO,0
9221-OTIVJ,1
1357-MVDOZ,0
7602-MVRMB,1
3325-FUYCG,1
5908-QMGOE,1
1197-BVMVG,1
5406-KGRMX,1
8481-YYXWG,0
5968-HYJRZ,1
5198-EFNBM,0
7516-GMHUV,1
7140-ADSMJ,0
2230-XTUWL,0
7706-YLMQA,0
2585-KTFRE,0
7994-UYIVZ,1
2609-IAICY,1
7717-BICXI,0
6559-RAKOZ,1
4716-MRVEN,0
2143-LJULT,1
1323-OOEPC,1
3200-MNQTF,1
6164-HXUGH,0
5630-IXDXV,1
0320-DWVTU,0
9135-MGVPY,0
1212-GLHMD,0
7878-JGDKK,0
1088-AUUZZ,1
0397-GZBBC,1
6614-YWYSC,1
9588-OZDMQ,0
7641-EUYET,1
6476-EPYZR,0
9921-ZVRHG,1
1174-FGIFN,1
6620-HVDUJ,0
4701-MLJPN,0
1032-MAELW,1
7641-TQFHN,1
1552-TKMXS,0
8622-ZLFKO,1
1596-BBVTG,1
6188-UXBBR,0
2333-KWEWW,0
5702-SKUOB,0
1134-YWTYF,0
6061-GWWAV,0
0679-TDGAK,0
6585-WCEWR,0
9067-YGSCA,1
9067-SQTNS,0
8433-WXGNA,0
1776-SPBWV,0
8735-SDUFN,1
9668-PUGNU,1
9405-GPBBG,1
1926-QUZNN,1
3707-GNWHM,1
7016-NVRIC,0
5829-NVSQN,0
9565-AXSMR,0
8922-LIEGH,1
8869-LIHMK,1
8245-UMPYT,1
5186-SAMNZ,0
0447-RXSGD,1
4927-WWOOZ,1
5788-YPOEG,0
5373-SFODM,1
0661-KBKPA,1
9081-WWXKP,0
0784-ZQJZX,0
3133-PZNSR,1
5766-ZJYBB,0
8931-GJJIQ,1
4277-PVRAN,0
0022-TCJCI,0
0722-SVSFK,0
3612-YVGSJ,1
9825-YCXWZ,0
8565-HBFNN,1
2000-DHJUY,1
0203-HHYIJ,1
8670-ERCJH,1
2050-ONYDQ,1
7055-JCGNI,1
4826-DXMUP,0
0952-KMEEH,1
7285-KLOTR,1
0654-PQKDW,0
7175-NTIXE,0
9796-BPKIW,0
0188-GWFLE,0
8129-GMVGI,0
2882-DDZPG,0
3547-LQRIK,1
9137-NOQKA,0
5843-TTHGI,0
1849-RJYIG,0
8868-GAGIO,1
4061-UKJWL,0
5380-XPJNZ,0
8263-QMNTJ,1
8178-EYZUO,1
3230-JCNZS,1
5130-IEKQT,1
3230-WYKIR,1
7996-BPXHY,1
3227-WLKLI,1
0407-BDJKB,1
2266-FUBDZ,0
8237-ULIXL,1
9600-UDOPK,1
8216-AZUUZ,0
9153-BTBVV,1
4074-SJFFA,0
3269-ATYWD,1
5186-PEIZU,0
1074-AMIOH,0
4910-GMJOT,1
0354-WYROK,0
4361-FEBGN,0
7748-UMTRK,1
0380-ZCSBI,0
7145-FEJWU,1
6463-MVYRY,0
3969-JQABI,0
9624-EGDEQ,0
1051-EQPZR,0
5849-ASHZJ,0
5780-INQIK,0
7576-OYWBN,1
4526-ZJJTM,0
8384-FZBJK,1
3750-RNQKR,0
0962-CQPWQ,0
3096-YXENJ,1
1265-BCFEO,1
5837-LXSDN,0
5945-AZYHT,1
8325-QRPZR,0
6384-VMJHP,0
2262-SLNVK,0
7730-CLDSV,1
1135-HIORI,1
0164-APGRB,1
6481-ESCNL,1
1790-NESIO,0
1550-EENBN,1
5539-TMZLF,0
4446-BZKHU,1
5976-JCJRH,0
8198-RKSZG,1
0137-OCGAB,1
3351-NQLDI,1
9297-EONCV,1
7593-JNWRU,0
4588-YBNIB,0
1069-QJOEE,0
3336-JORSO,1
7799-DSEWS,0
8766-PAFNE,0
5315-CKEQK,1
3130-ICDUP,1
0820-FNRNX,1
0880-FVFWF,1
4213-HKBJO,1
2792-LSHWX,0
5028-GZLDO,0
0014-BMAQU,1
6861-XWTWQ,1
9018-PCIOK,0
4837-QUSFT,1
6877-TJMBR,0
9953-ZMKSM,1
0907-HQNTS,1
6769-DCQLI,0
2433-KMEAS,1
4391-LNRXK,0
8250-ZNGGW,0
2195-ZRVAX,0
3550-SAHFP,1
8562-GHPPI,0
5893-PYOLZ,0
4986-MXSFP,0
6131-FOYAS,1
3027-YNWZU,1
5609-IMCGG,1
4873-ILOLJ,0
4727-MCYZG,0
9481-WHGWY,0
2725-KXXWT,0
9565-DJPIB,1
4328-VUFWD,0
3301-LSLWQ,1
7473-ZBDSN,0
3166-PNEOF,1
5639-NTUPK,0
5140-FOMCQ,1
6242-SGYTS,1
8166-ORCHU,0
8414-OOEEL,0
8454-AATJP,1
6849-WLEYG,0
4659-NZRUF,1
4531-AUZNK,1
4191-XOVOM,1
2150-OEGBV,0
8429-XIBUM,1
1855-CFULU,0
4878-BUNFV,0
1872-EBWSC,0
2608-BHKFN,0
7026-YMSBE,0
7341-LXCAF,1
6997-UVGOX,0
9462-MJUAW,1
8128-YVJRG,1
5440-VHLUL,1
5781-BKHOP,1
4283-FUTGF,1
5213-TWWJU,0
1569-TTNYJ,1
8628-MFKAX,1
2397-BRLOM,0
7629-WIXZF,0
5445-GLVOT,0
3976-HXHCE,0
2466-NEJOJ,0
0254-KCJGT,1
6461-SZMCV,1
8150-QUDFX,0
9508-ILZDG,1
1697-LYYYX,0
1942-OQFRW,0
4749-VFKVB,1
9640-ZSLDC,0
4231-LZUYM,1
7598-UAASY,0
7938-OUHIO,0
8510-AWCXC,1
3594-BDSOA,0
0431-APWVY,0
5996-DAOQL,0
6838-YAUVY,1
0484-JPBRU,1
7883-ROJOC,0
0244-LGNFY,1
4295-YURET,0
3426-NIYYL,1
8225-BTJAU,0
4635-EJYPD,0
1866-ZSLJM,0
4636-TVXVG,0
9392-XBGTD,0
3387-VATUS,1
1143-NMNQJ,1
1169-SAOCL,1
1110-KYLGQ,1
9929-PLVPA,0
3518-PZXZQ,0
2371-JUNGC,0
7693-QPEFS,1
0924-BJCRC,1
5074-FBGHB,1
2351-BKRZW,0
4455-BFSPD,1
0415-MOSGF,0
1724-BQUHA,0
3948-KXDUF,1
2323-ARSVR,0
0815-MFZGM,0
4826-XTSOH,1
5480-XTFFL,0
8295-FHIVV,0
9086-YJYXS,1
1179-INLAT,0
6857-VWJDT,1
5468-BPMMO,0
5624-BQSSA,0
0197-PNKNK,1
2439-QKJUL,0
1194-SPVSP,0
9534-NSXEM,0
8929-KSWIH,0
2250-IVBWA,0
1810-MVMAI,1
9506-UXUSK,0
1229-RCALF,1
3572-UOLYZ,1
1429-UYJSV,0
5577-OTWWW,0
6100-QQHEB,1
6366-XIVKZ,0
3470-OBUET,1
9375-MHRRS,0
2634-HCZGT,1
7503-QQRVF,0
4860-YZGZM,0
6599-GZWCM,0
2691-NZETQ,1
4404-HIBDJ,0
7037-MTYVW,1
4760-THGOT,1
7295-JOMMD,0
4016-BJKTZ,1
6584-VQMYT,0
9838-BFCQT,1
2790-XUYMV,1
0581-MDMPW,1
5013-SBUIH,1
1023-BQXZE,0
9163-GHAYE,0
3904-UKFRE,1
5353-WILCI,0
0709-TVGUR,1
0058-EVZWM,1
6023-YEBUP,1
7209-JCUDS,0
7009-PCARS,0
0519-DRGTI,0
1017-FBQMM,1
3001-CBHLQ,1
1985-MBRYP,0
9372-TXXPS,0
3259-QMXUN,1
1015-JPFYW,0
6645-MXQJT,0
8433-WPJTV,1
5804-JMYIO,0
3763-GCZHZ,1
6484-LATFU,1
0772-GYEQQ,0
0536-ACXIP,1
0936-NQLJU,0
4831-EOBFE,0
1575-KRZZE,0
3251-YMVWZ,1
4102-OQUPX,1
9170-GYZJC,1
4884-LEVMQ,0
8857-CUPFQ,0
7610-TVOPG,1
3638-DIMPH,0
1845-ZLLIG,0
8559-WNQZS,0
3999-QGRJH,0
1699-UOTXU,0
2454-RPBRZ,1
0635-WKOLD,1
5993-JSUWV,0
4518-FZBSX,0
5387-ASZNZ,1
6988-CJEYV,1
2002-MZHWP,0
3097-FQTVJ,0
5465-BUBFA,0
7299-GNVPL,0
9371-BITHB,0
2265-CYWIV,1
9093-FPDLG,0
0541-FITGH,0
6985-HAYWX,1
7508-KBIMB,0
6838-HVLXG,0
2277-DJJDL,1
1897-OKVMW,1
5485-ITNPC,0
0233-FTHAV,1
4644-PIZRT,1
8922-NPKBJ,0
2740-TVLFN,1
7771-CFQRQ,0
9512-PHSMG,0
6963-EZQEE,1
2452-KDRRH,1
2004-OCQXK,0
5027-QPKTE,0
4146-SVFUD,0
1564-HJUVY,0
3617-XLSGQ,1
7517-LDMPS,0
7244-KXYZN,0
5226-NOZFC,0
2672-HUYVI,0
1400-WIVLL,1
7508-MYBOG,1
8148-NLEGT,1
0148-DCDOS,1
8347-GDTMP,0
9992-RRAMN,1
6746-WAUWT,0
0310-MVLET,1
0428-IKYCP,0
4550-VBOFE,1
2187-PKZAY,0
4003-OCTMP,0
6652-YFFJO,0
7225-IILWY,1
5248-RPYWW,1
7923-IYJWY,1
3170-GWYKC,0
5696-QURRL,0
7409-KIUTL,0
1732-VHUBQ,0
0495-RVCBF,0
2668-TZSPS,0
7854-EDSSA,1
8869-TORSS,0
7446-SFAOA,0
9522-ZSINC,0
8234-GSZYK,1
0679-IDSTG,0
7765-LWVVH,1
1658-TJVOA,0
2115-BFTIW,0
4692-NNQRU,0
7742-MYPGI,0
0611-DFXKO,0
7780-OTDSO,1
9619-GSATL,0
5622-UEJFI,1
9747-DDZOS,0
0674-DGMAQ,1
0484-FFVBJ,0
2181-TIDSV,0
9453-PATOS,0
0564-JJHGS,1
3348-CFRNX,0
4402-FTBXC,0
1428-GTBJJ,0
2931-XIQBR,0
0106-UGRDO,1
5542-TBBWB,0
1930-QPBVZ,0
5322-ZSMZY,1
8059-UDZFY,1
7740-BTPUX,1
5220-AGAAX,1
0208-BPQEJ,0
9435-JMLSX,0
3352-ALMCK,1
5312-IRCFR,1
5294-IMHHT,1
8802-UNOJF,0
6176-YJWAS,1
5310-NOOVA,0
4526-EXKKN,1
3987-KQDDU,0
3404-JNXAX,1
5131-PONJI,0
2845-AFFTX,1
3489-VSFRD,0
3345-JHUEO,0
5815-HGGHV,0
5260-UMPWX,0
2249-YPRNG,1
7410-YTJIK,1
4626-GYCZP,1
5649-RXQTV,0
2674-MIAHT,1
2576-HXMPA,0
7587-AOVVU,1
5590-BYNII,1
6898-MDLZW,0
4707-YNOQA,1
9357-UJRUN,1
1591-NFNLQ,1
7663-CUXZB,1
0258-NOKBL,0
1163-VIPRI,1
2815-CPTUL,0
9348-ROUAI,1
0596-BQCEQ,0
1481-ZUWZA,1
3043-TYBNO,0
4830-FAXFM,1
5906-BFOZT,0
2960-NKRSO,0
8996-ZROXE,0
5598-IKHQQ,1
0397-ZXWQF,0
5266-PFRQK,0
4674-HGNUA,1
6765-MBQNU,1
9786-IJYDL,1
1303-SRDOK,0
3769-MHZNV,0
6295-OSINB,1
3308-MHOOC,0
2207-QPJED,0
2239-CFOUJ,0
6620-JDYNW,1
1891-FZYSA,1
4770-UEZOX,0
1038-RQOST,0
7613-LLQFO,1
4568-TTZRT,0
9513-DXHDA,0
2640-PMGFL,1
3801-HMYNL,0
0516-QREYC,0
9685-WKZGT,1
6022-UGGSO,0
8084-OIVBS,0
8896-BQTTI,1
3865-QBWSJ,1
3352-RICWQ,0
2160-GPFXD,1
2065-MMKGR,1
5857-TYBCJ,1
1498-NHTLT,0
4484-CGXFK,0
1402-PTHGN,0
4176-RELJR,1
6214-EDAKZ,0
6377-KSLXC,0
1796-JANOW,0
0238-WHBIQ,1
8735-NBLWT,0
6651-RLGGM,1
6127-ISGTU,1
1614-JBEBI,0
1208-DNHLN,1
1761-AEZZR,0
3923-CSIHK,0
5696-EXCYS,0
5795-KTGUD,1
7120-RFMVS,1
7924-GJZFI,0
8512-WIWYV,0
5897-ZYEKH,1
7317-GGVPB,1
1406-PUQVY,0
5692-FPTAH,0
9114-AAFQH,0
8715-KKTFG,1
1550-LOAHA,0
1728-BQDMA,0
0268-QKIWO,0
0876-WDUUZ,0
5117-ZSMHQ,1
5151-HQRDG,1
0960-HUWBM,1
6465-GSRCL,1
0617-FHSGK,1
0263-FJTQO,1
7319-ZNRTR,0
2858-MOFSQ,1
7503-EPSZW,1
8118-LSUEL,1
1666-JXLKU,1
7855-DIWPO,0
5133-POWUA,0
5652-MSDEY,1
7005-CCBKV,0
1810-BOHSY,1
1784-BXEFA,0
9224-VTYID,1
9500-IWPXQ,1
4504-YOULA,1
5569-IDSEY,1
4250-FDVOU,0
7284-ZZLOH,0
5277-ZLOOR,1
2141-RRYGO,0
6376-GAHQE,0
3401-URHDA,1
1599-EAHXY,1
8631-XVRZL,0
5052-PNLOS,1
3853-LYGAM,1
6979-ZNSFF,1
5751-USDBL,0
5680-LQOGP,0
2386-LAHRK,0
8189-DUKMV,0
9931-DCEZH,0
1898-JSNDC,0
0315-LVCRK,0
2410-CIYFZ,0
4248-HCETZ,0
5505-OVWQW,0
7271-AJDTL,1
1867-TJHTS,1
0516-WJVXC,0
9174-FKWZE,0
6860-YRJZP,1
4429-WYGFR,0
2817-LVCPP,0
5038-ETMLM,1
5056-FIMPT,0
4521-WFJAI,1
6569-KTMDU,0
8809-RIHDD,1
8809-XKHMD,1
0396-YCHWO,1
0867-LDTTC,0
4822-NGOCH,1
9391-DXGGG,0
9844-FELAJ,1
2122-SZZZD,0
5307-DZCVC,1
3148-AOIQT,1
8679-JOEVF,0
8395-ETZKQ,0
6692-YQHXC,0
3889-VWBID,0
5222-JCXZT,0
2739-CCZMB,0
7080-TNUWP,1
0496-AHOOK,0
8336-TAVKX,1
2468-SJFLM,0
7168-HDQHG,0
4803-AXVYP,1
3884-HCSWG,0
4567-AKPIA,1
5077-DXTCG,0
7901-HXJVA,0
5649-ANRML,0
4892-VLANZ,0
5924-IFQTT,1
7968-QUXNS,0
2919-HBCJO,0
4236-XPXAV,0
8903-WMRNW,0
2452-SNHFZ,0
3629-WEAAM,0
7993-NQLJE,0
9909-DFRJA,0
9099-FTUHS,1
0581-BXBUB,0
4962-CHQPW,0
9467-ROOLM,0
3030-YZADT,0
7410-KTVFV,0
5150-ITWWB,1
1345-ZUKID,0
6429-SHBCB,1
9281-OFDMF,1
2603-HVKCG,0
1834-WULEG,0
9097-ZUBYC,0
5148-ORICT,0
4893-GYUJU,0
4578-PHJYZ,0
7272-QDCKA,1
8908-SLFCJ,0
8393-DLHGA,0
9766-HGEDE,0
7395-IGJOS,0
5044-XDPYX,1
2834-SPCJV,0
3721-WKIIL,0
6734-CKRSM,0
1265-ZFOSD,1
6568-POCUI,0
5197-LQXXH,1
3457-PQBYH,0
7682-AZNDK,0
0587-DMGBH,0
5384-ZTTWP,0
1231-YNDEK,0
1407-DIGZV,0
0570-BFQHT,0
4393-OBCRR,0
3523-QRQLL,0
8564-LDKFL,1
3696-DFHHB,1
0895-DQHEW,1
4717-GHADL,1
5501-TVMGM,0
5879-HMFFH,1
6772-WFQRD,0
3810-DVDQQ,1
6972-SNKKW,0
3694-GLTJM,0
8550-XSXUQ,1
8149-RSOUN,1
9055-MOJJJ,0
4359-INNWN,0
0585-EGDDA,0
0549-CYCQN,1
3481-JHUZH,1
7250-EQKIY,0
3594-IVHJZ,0
6869-FGJJC,0
3896-ZVNET,1
8205-VSLRB,1
6817-WTYHE,0
4013-UBXWQ,1
4931-TRZWN,0
0750-EKNGL,0
7669-LCRSD,0
3567-PQTSO,1
5519-NPHVG,1
8043-PNYSD,0
9938-EKRGF,0
2703-AMTUL,0
8173-RXAYP,0
5402-HTOTQ,1
6734-JDTTV,0
7850-THJMU,0
3890-RTCMS,0
8849-GYOKR,1
3148-BLQJT,0
3717-FDJFU,0
7966-YOTQW,1
0461-CVKMU,0
8806-EAGWC,0
8853-TZDGH,1
7779-LGOVN,1
4324-BZCKL,0
6924-TDGMT,0
9710-ZUSHQ,1
1536-YHDOE,1
8123-QBNAZ,1
3629-ZNKXA,0
4827-LTQRJ,1
7711-YIJWC,0
5482-VXSXJ,0
9620-ENEJV,0
4183-WCSEP,0
2378-YIZKA,0
5498-TXHLF,1
0689-DSXGL,0
6818-DJXAA,0
9722-UJOJR,0
0464-WJTKO,0
8902-ZEOVF,0
6778-EICRF,1
2662-NNTDK,1
4132-KALRO,1
3902-FOIGH,1
6772-KSATR,1
7112-OPOTK,0
2874-YXVVA,0
1245-HARPS,0
4210-QFJMF,0
4323-ELYYB,0
4293-ETKAP,1
6064-PUPMC,0
6504-VBLFL,0
6322-PJJDJ,0
0330-BGYZE,1
1085-LDWAM,0
7586-ZATGZ,1
7197-VOJMM,0
3318-OSATS,1
5828-AVIPD,1
1843-TLSGD,0
9626-VFRGG,1
9143-CANJF,0
2041-JIJCI,1
1086-LXKFY,0
4900-MSOMT,1
2229-VWQJH,0
9194-GFVOI,1
1336-EZFZY,0
4282-MSACW,1
1403-LKLIK,0
2636-ALXXZ,0
7774-OJSXI,1
7786-WBJYI,1
0136-IFMYD,1
5144-TVGLP,1
9643-AVVWI,0
0253-ZTEOB,1
2706-QZIHY,1
6061-PQHMK,0
9885-CSMWE,0
9122-UMROB,0
4232-JGKIY,0
2402-TAIRZ,0
9659-ZTWSM,1
6685-GBWJZ,0
3866-MDTUB,0
2195-VVRJF,0
3913-RDSJZ,1
8058-JMEQO,1
4203-QGNZA,0
5043-TRZWM,0
0697-ZMSWS,1
7657-DYEPJ,0
9494-BDNNC,1
1640-PLFMP,0
5366-OBVMR,0
8276-MQBYC,1
7644-OMVMY,0
7593-XFKDI,0
4573-JKNAE,0
0337-CNPZE,1
9817-APLHW,1
8380-MQINP,0
0840-DFEZH,1
1513-XNPPH,0
8690-ZVLCL,1
6015-VVHHE,1
1125-SNVCK,0
4616-EWBNJ,0
6347-DCUIK,1
1335-HQMKX,1
2545-EBUPK,1
6923-AQONU,0
2172-EJXVF,1
0897-FEGMU,1
7663-RGWBC,0
1120-BMWUB,0
9124-LHCJQ,1
4536-PLEQY,0
8871-JLMHM,1
2235-ZGKPT,1
3891-PUQOD,0
5447-VYTKW,0
3623-FQBOX,0
0689-NKYLF,0
8659-HDIYE,1
3658-KIBGF,0
5519-YLDGW,1
3865-ZFZIB,0
1855-AGAWH,0
7109-CQYUZ,1
1370-GGAWX,1
4680-KUTAJ,1
4946-EDSEW,0
2883-ILGWO,1
2516-VQRRV,1
7580-UGXNC,0
3642-BYHDO,0
9629-NHXFW,0
2696-RZVZW,1
5766-FTRTS,0
0396-HUJBP,0
5178-LMXOP,1
8879-ZKJOF,0
6285-FTQBF,1
8185-UPYBR,1
4585-HETAI,0
7526-BEZQB,1
1474-JUWSM,1
3530-CRZSB,0
8498-XXGWA,0
9617-INGJY,0
0621-TSSMU,0
7234-KMNRQ,0
7636-PEPNS,0
4683-WYDOU,1
9052-DHNKM,1
6794-HKIAJ,1
5578-NKCXI,0
1642-HMARX,1
3096-WPXBT,1
8434-PNQZX,1
5950-AAAGJ,1
4299-OPXEJ,0
4951-UKAAQ,1
9618-LFJRU,0
6693-DJWTY,0
0744-GKNGE,1
6447-EGDIV,0
1167-OYZJF,0
2108-YKQTY,0
4806-DXQCE,1
4918-QLLIW,0
7056-IMHCC,1
4854-SSLTN,0
5294-DMSFH,0
1625-JAIIY,1
0603-OLQDC,0
3272-VUHPV,0
4176-FXYBO,1
1063-DHQJF,0
8663-UPDGF,1
6719-FGEDO,1
2947-DOMLJ,0
4112-LUEIZ,0
0369-ZGOVK,0
4510-HIMLV,0
9919-KNPOO,1
8749-JMNKX,1
7872-BAAZR,0
9391-LMANN,0
2430-USGXP,1
8174-TBVCF,1
1698-XFZCI,1
1877-HKBQX,0
4450-DLLMH,0
0428-AXXLJ,0
2746-DIJLO,1
5955-ERIHD,1
0917-EZOLA,1
3508-VLHCZ,1
4086-ATNFV,0
0468-YRPXN,0
5996-NRVXR,0
7047-FWEYA,1
2000-MPKCA,1
9762-YAQAA,1
5949-EBSQK,0
5473-KHBPS,1
0100-DUVFC,1
5397-TUPSH,0
8950-MTZNV,0
0326-VDYXE,1
7274-RTAPZ,0
0436-TWFFZ,1
8566-YPRGL,0
0311-UNPFF,0
6609-MXJHJ,1
2669-OIDSD,0
8400-WZICQ,0
3834-XUIFC,1
9576-SYUHJ,1
0410-IPFTY,0
2831-EBWRN,0
9430-NKQLY,1
8414-MYSHR,0
0247-SLUJI,0
9402-ORRAH,0
6483-OATDN,0
1293-HHSHJ,0
4840-ORQXB,1
7599-FKVXZ,1
3982-DQLUS,1
8610-ZIKJJ,0
3756-VNWDH,1
7801-KICAO,1
7673-LPRNY,1
8229-TNIQA,0
6060-QBMGV,0
7339-POGZN,1
2828-SLQPF,0
4465-VDKIQ,0
2921-XWDJH,0
6221-AVQYL,1
2558-BUOZZ,1
9257-AZMTZ,0
0003-MKNFE,1
0975-UYDTX,1
7743-EXURX,0
4682-BLBUC,0
5968-VXZLG,0
5569-KGJHX,1
4988-IQIGL,1
5201-FRKKS,0
9799-CAYJJ,0
7730-IUTDZ,0
0426-TIRNE,0
5443-SCMKX,1
8295-KMENE,1
9821-BESNZ,1
3678-MNGZX,0
2916-BQZLN,1
4558-CGYCZ,0
2368-GAKKQ,1
8710-YGLWG,0
3199-XGZCY,1
3785-KTYSH,1
6814-ZPWFQ,1
4063-EIKNQ,0
6993-YCOBK,1
5206-HPJKM,0
7587-RZNME,0
0748-RDGGM,0
8393-JMVMB,0
5019-GQVCR,1
6036-TTFYU,0
2550-AEVRU,0
0969-RGKCU,0
0378-CJKPV,1
4706-AXVKM,1
5889-JTMUL,1
9026-RNUJS,0
3746-EUBYR,1
2332-EFBJY,0
2880-FPNAE,0
1703-MGIAB,1
4311-QTTAI,0
9474-PHLYD,0
4318-RAJVY,0
2165-VOEGB,0
3612-YUNGG,1
2254-DLXRI,1
5062-CJJKH,0
9028-LIHRP,0
2219-MVUSO,0
1053-MXTTK,0
0853-TWRVK,1
8914-RBTSB,1
6212-ATMLK,1
8200-LGKSR,1
1568-BEKZM,1
0670-ANMUU,1
6897-RWMUB,0
0963-ZBDRN,0
7594-RQHXR,0
6999-CHVCF,1
6134-KWTBV,1
1077-HUUJM,0
6331-EWIEB,1
0895-LNKRC,0
8417-GSODA,1
5171-EPLKN,0
4452-QIIEB,0
5998-VVEJY,1
1624-NALOJ,1
6741-EGCBI,1
7820-ZYGNY,1
4317-VTEOA,0
9677-AVKED,1
1670-SVOWZ,0
2227-JRSJX,0
9847-HNVGP,0
6696-YDAYZ,0
8980-WQFWL,0
1730-ZMAME,0
6506-EYCNH,0
4634-JLRJT,0
2560-QTSBS,1
7541-YLXCL,0
4795-WRNVT,0
6080-TCMYC,1
0260-ZDLGK,0
7860-UXCRM,0
6357-JJPQT,0
9552-TGUZV,0
5913-INRQV,0
6210-KBBPI,1
9643-YBLUR,1
8734-FNWVH,1
9447-YPTBX,0
0133-BMFZO,0
6128-CZOMY,0
9540-JYROE,0
2260-USTRB,0
3656-TKRVZ,0
7011-CVEUC,0
6185-TASNN,0
7925-PNRGI,1
8623-TMRBY,1
1552-CZCLL,0
3038-PQIUY,1
1501-SGHBW,0
9313-CDOGY,0
8148-BPLZQ,0
2623-DRYAM,1
9987-LUTYD,0
3208-YPIOE,1
4488-KQFDT,1
2612-RANWT,1
5693-PIPCS,0
0491-KAPQG,1
6900-PXRMS,1
8707-RMEZH,0
3209-ZPKFI,1
6479-VDGRK,0
3569-JFODW,1
9819-FBNSV,0
9544-PYPSJ,1
1591-XWLGB,0
0396-UKGAI,0
3243-ZHOHY,0
5186-EJEGL,0
7527-QNRUS,1
9986-BONCE,0
2722-JMONI,0
2203-GHNWN,1
3878-AVSOQ,0
3258-SYSWS,1
5296-PSYVW,1
6319-QSUSR,0
4083-EUGRJ,0
7579-OOPEC,0
0512-FLFDW,1
1771-OADNZ,1
0487-CRLZF,0
2107-FBPTK,1
9451-WLYRI,0
8219-VYBVI,1
1991-VOPLL,0
9738-QLWTP,0
1016-DJTSV,0
9419-IPPBE,1
0174-QRVVY,1
5699-BNCAS,1
2900-PHPLN,0
8751-EDEKA,0
6878-GGDWG,0
4039-PIMHX,0
8450-LUGUK,1
3604-WLABM,0
0795-GMVQO,1
1142-IHLOO,0
6410-LEFEN,0
4633-MKHYU,0
6257-RJOHI,0
1545-JFUML,1
3194-ORPIK,1
7826-VVKWT,0
1353-GHZOS,0
2587-EKXTS,1
5442-BXVND,1
8816-VXNZD,1
9378-FXTIZ,1
1723-HKXJQ,1
7825-GKXMW,0
9753-OYLBX,0
2364-UFROM,0
6473-ULUHT,1
1240-KNSEZ,0
4433-JCGCG,1
3716-BDVDB,0
7688-AWMDX,0
2842-BCQGE,1
5899-MQZZL,1
6849-OYAMU,0
5312-UXESG,1
9488-HGMJH,0
2150-WLKUW,1
7159-FVYPK,1
7032-LMBHI,1
1150-WFARN,1
6088-BXMRG,1
3144-AUDBS,0
4821-SJHJV,1
7346-MEDWM,1
1137-DGOWI,0
5616-PRTNT,0
3812-LRZIR,1
4818-QIUFN,1
9483-GCPWE,0
4227-OJHAL,1
9220-CXRSC,1
4993-JCRGJ,1
9537-JALFH,0
6698-OXETB,0
2103-ZRXFN,1
3724-BSCVH,0
4877-TSOFF,1
9209-NWPGU,0
6961-VCPMC,0
7306-YDSOI,0
5288-AHOUP,0
6688-UZPWD,1
0655-YDGFJ,0
8468-EHYJA,1
6823-SIDFQ,0
1097-FSPVW,0
2839-RFSQE,0
7010-ZMVBF,0
5201-CBWYG,1
0968-GSIKN,0
1965-DDBWU,1
9057-SIHCH,1
6352-GIGGQ,1
3635-QQRQD,0
6771-XWBDM,1
2897-DOVND,0
3082-YVEKW,1
7134-HBPBS,1
3489-HHPFY,1
2926-JEJJC,0
8601-QACRS,1
5789-LDFXO,1
0508-OOLTO,0
2984-TBYKU,1
9822-WMWVG,1
2391-SOORI,0
9040-KZVWO,0
2645-QTLMB,0
4806-HIPDW,0
1548-ARAGG,1
6339-RZCBJ,0
4424-TKOPW,1
4415-WNGVR,0
2522-AHJXR,1
0412-UCCNP,0
7096-UCLNH,0
8443-ZRDBZ,1
4615-PIVVU,0
8885-QSQBX,0
7479-NITWS,1
8617-ENBDS,0
9385-NXKDA,1
0430-IHCDJ,1
2959-MJHIC,0
6674-KVJHG,1
1814-DKOLC,1
4201-JMNGR,0
9351-HXDMR,1
3537-HPKQT,1
2129-ALKBS,1
5821-MMEIL,0
5960-WPXQM,0
0684-AOSIH,0
1309-XGFSN,1
1866-RZZQS,1
6968-URWQU,0
4742-TXUEX,0
9631-XEYKE,1
8631-NBHFZ,1
1335-MXCSE,0
8873-TMKGR,0
8800-JOOCF,1
1469-LBJQJ,1
4958-XCBDQ,1
8337-UPOAQ,1
0064-YIJGF,1
2386-OWURY,0
1725-IQNIY,0
0310-VQXAM,0
6598-RFFVI,0
3453-RTHJQ,0
6712-OAWRH,0
6278-FEPBZ,0
4280-DLSHD,0
1508-DFXCU,0
8614-VGMMV,1
7868-BGSZA,1
2800-QQUSO,1
2930-UOTMB,1
7973-DZRKH,1
5914-DVBWJ,1
7698-YFGEZ,0
2533-QVMSK,1
9773-PEQBZ,1
8644-XLFBW,0
0650-BWOZN,0
8625-AZYZY,1
7785-RDVIG,0
9602-WCXPI,0
2903-YYTBW,0
3620-MWJNE,0
8573-JGCZW,0
6837-HAEVO,1
6701-YVNQG,1
9306-CPCBC,1
4304-XUMGI,1
9504-YAZWB,0
8819-ZBYNA,1
9481-IEBZY,1
1833-VGRUM,1
6137-NICCO,1
9065-ZCPQX,1
6402-EJMWF,0
3620-EHIMZ,0
3213-VVOLG,1
6870-ECSHE,0
8747-UDCOI,0
8374-XGEJJ,1
2656-TABEH,1
6946-LMSQS,1
4626-OZDTJ,1
9169-BSVIN,1
2325-ZUSFD,0
8194-PEEBY,0
6872-HXFNF,1
3932-CMDTD,0
7714-YXSMB,1
8387-UGUSU,0
1080-BWSYE,1
4039-HEUNW,1
1194-HVAIF,1
0812-WUPTB,0
3594-UVONA,1
0004-TLHLJ,0
1767-TGTKO,0
8439-LTUGF,0
8805-JNRAZ,0
5089-IFSDP,1
6418-HNFED,0
0206-OYVOC,0
7291-CDTMJ,0
7128-GGCNO,1
0237-YFUTL,1
7691-KGKGP,0
6710-HSJRD,1
3675-EQOZA,0
0840-DCNZE,0
1732-FEKLD,1
0479-HMSWA,0
5854-KSRBJ,1
0365-BZUWY,1
4817-VYYWS,1
5701-SVCWR,1
3129-AAQOU,1
4922-CVPDX,0
1396-QWFBJ,0
1357-BIJKI,1
5299-SJCZT,1
2018-PZKMU,0
4570-QHXHL,0
2403-BCASL,1
7392-YYPYJ,1
2223-GDSHL,1
7359-PTSXY,0
9470-RTWDV,1
2176-OSJUV,1
9348-YVOMK,0
8104-OSKWT,1
4521-YEEHE,1
4090-KPJIP,1
3786-WOVKF,1
4503-BDXBD,0
6086-ESGRL,0
2592-HODOV,0
3886-CERTZ,1
7995-ZHHNZ,1
3824-RHKVR,0
5816-SCGFC,0
5989-AXPUC,1
4979-HPRFL,1
8590-OHDIW,0
8015-IHCGW,1
2332-TODQS,1
9278-VZKCD,1
8008-OTEZX,0
2773-OVBPK,1
5206-XZZQI,0
4803-LBYPN,0
6372-RFVNS,0
2139-FQHLM,0
8261-GWDBQ,1
1093-YSWCA,0
8938-UMKPI,1
0991-BRRFB,0
3882-IYOIJ,1
8749-TZYEC,1
1755-FZQEC,0
3115-JPJDD,0
5600-KTXFM,0
3871-IKPYH,0
6319-IEJWJ,0
9025-AOMKI,1
6339-TBELP,1
7964-YESJC,1
6173-GOLSU,1
5275-SQEIZ,0
7716-YTYHG,1
9938-ZREHM,1
4390-KYULV,0
4647-MUZON,0
9702-AIUJO,0
8849-PRIQJ,1
8851-RAGOV,0
1304-NECVQ,1
5396-IZEPB,0
8285-ABVLB,0
0701-TJSEF,0
5712-VBOXD,0
6629-LADHQ,0
8945-GRKHX,0
4797-MIWUM,0
6959-UWKHF,0
8720-RQSBJ,0
4537-CIBHB,0
4324-AHJKS,0
4355-CVPVS,0
4495-LHSSK,1
5655-JSMZM,1
5915-ANOEI,1
9861-PDSZP,1
4505-EXZHB,0
7225-CBZPL,1
4587-VVTOX,1
2019-HDCZY,1
4652-NNHNY,1
8788-DOXSU,0
7404-JLKQG,0
8972-HJWNV,1
3274-NSDWE,0
2632-IVXVF,1
3692-JHONH,1
8915-NNTRC,1
5914-GXMDA,0
7463-IFMQU,0
2920-RNCEZ,0
2541-YGPKE,0
8515-OCTJS,1
5382-TEMLV,0
9592-ERDKV,1
2860-RANUS,1
4778-IZARL,0
0432-CAJZV,0
7008-LZVOZ,1
8868-WOZGU,1
1200-TUZHR,1
9365-CSLBQ,1
5884-FBCTL,1
7130-CTCUS,0
6242-FEGFD,1
7625-XCQRH,1
6194-HBGQN,1
6986-IXNDM,0
1731-TVIUK,1
2987-BJXIK,1
9769-TSBZE,1
0406-BPDVR,1
0618-XWMSS,0
1395-WSWXR,0
6023-GSSXW,0
6752-APNJL,0
5276-KQWHG,0
0420-HLGXF,1
7446-KQISO,1
9823-EALYC,1
0582-AVCLN,0
5803-NQJZO,1
2565-JSLRY,1
2607-DHDAK,0
1073-XXCZD,1
4006-HKYHO,0
3727-JEZTU,0
8143-ETQTI,0
6689-KXGBO,0
9667-TKTVZ,1
3657-COGMW,1
8570-KLJYJ,1
7754-IXRMC,0
9473-CBZOP,1
2969-WGHQO,0
6615-NGGZJ,1
4255-DDUOU,0
5863-OOKCL,0
1686-STUHN,0
2984-MIIZL,0
0266-GMEAO,1
5574-NXZIU,0
4256-ZWTZI,0
8309-PPCED,1
4098-NAUKP,1
5196-WPYOW,0
4608-LCIMN,0
1485-YDHMM,1
4054-CUMIA,0
0603-TPMIB,1
2525-GVKQU,0
8161-QYMTT,1
5404-GGUKR,0
2126-GSEGL,1
3677-TNKIO,0
0440-QEXBZ,1
2434-EEVDB,1
6199-IWKGC,1
2675-DHUTR,1
8152-VETUR,1
7446-YPODE,1
7980-MHFLQ,1
2873-ZLIWT,1
3415-TAILE,0
0757-WCUUZ,1
1629-DQQVB,0
1915-IOFGU,0
3045-XETSH,1
0374-AACSZ,0
7239-HZZCX,0
4872-VXRIL,1
9140-CZQZZ,0
3423-HHXAO,0
9938-TKDGL,0
0531-ZZJWQ,1
2688-BHGOG,0
7683-CBDKJ,0
0946-CLJTI,1
1325-USMEC,1
0916-QOFDP,1
0628-CNQRM,0
5606-AMZBO,1
6199-IPCAO,1
7665-TOALD,0
0112-QWPNC,1
0324-BRPCJ,1
2777-PHDEI,0
2235-EZAIK,1
3847-BAERP,0
1196-AMORA,1
4282-YMKNA,1
1453-RZFON,0
8263-OKETD,1
0670-KDOMA,0
2476-YGEFM,1
8687-BAFGU,0
0641-EVBOJ,0
0829-XXPLX,0
9974-JFBHQ,0
5356-RHIPP,0
0608-JDVEC,0
9780-FKVVF,0
1919-RTPQD,0
5214-NLTIT,1
3345-PBBFH,0
5055-BRMNE,1
9189-JWSHV,1
2190-PHBHR,1
2650-GYRYL,0
5208-FVQKB,0
7184-LRUUR,0
6627-CFOSN,1
3982-JGSFD,0
1574-DYCWE,0
7247-XOZPB,1
2466-FCCPT,0
6211-WWLTF,0
4826-TZEVA,0
6016-NXBNJ,0
9138-EFSMO,0
0576-WNXXC,1
4632-XJMEX,0
8910-LEDAG,0
3452-GWUIN,1
2716-GFZOR,0
3724-UCSHY,0
8626-XHBIE,1
3192-LNKRK,0
2876-VBBBL,0
2208-UGTGR,1
3005-TYFRD,1
8670-MEFCP,1
3079-BCHLN,0
7777-UNYHB,0
5597-GLBUC,0
7278-CKDNC,1
2748-MYRVK,1
2969-VAPYH,0
4822-YCXMX,1
7181-OQCUT,1
8474-UMLNT,0
9821-POOTN,1
3836-FZSDJ,1
9142-XMYJH,0
0187-QSXOE,0
2649-HWLYB,1
5214-CHIWJ,0
4229-CZMLL,1
6904-JLBGY,1
2465-BLLEU,0
1685-VAYJF,0
8874-EJNSR,1
6917-YACBP,1
5049-MUBWG,0
4223-WOZCM,0
9253-VIFJQ,1
7030-FZTFM,1
9741-YLNTD,1
5917-RYRMG,0
5120-ZBLAI,1
3663-MITLP,0
0906-QVPMS,1
9025-ZRPVR,0
1905-OEILC,0
7858-GTZSP,1
6248-BSHKG,0
4685-TFLLS,0
3470-BTGQO,0
8224-DWCKX,1
4553-DVPZG,1
4902-OHLSK,1
0495-ZBNGW,1
8620-RJPZN,0
7572-KPVKK,1
2642-MAWLJ,0
2357-COQEK,1
7103-ZGVNT,1
3737-GCSPV,1
2027-WKXMW,1
7137-NAXML,0
2428-ZMCTB,0
2961-VNFKL,1
1768-HNVGJ,1
6963-KQYQB,1
5934-RMPOV,1
1207-BLKSA,1
4088-YLDSU,1
1166-PQLGG,0
3146-JTQHR,0
4291-YZODP,0
4395-PZMSN,0
6427-FEFIG,1
0017-IUDMW,1
4385-ZKVNW,0
5446-DKWYW,1
2034-CGRHZ,1
5797-APWZC,0
3683-QKIUE,0
4228-ZGYUW,1
9031-ZVQPT,1
2990-IAJSV,1
8107-KNCIM,1
9027-YFHQJ,1
5176-LDKUH,0
4644-OBGFZ,0
7926-IJOOU,0
6480-YAGIY,0
4029-HPFVY,0
7602-DBTOU,0
5345-BMKWB,0
3519-ZKXGG,1
5457-COLHT,0
6416-TVAIH,0
5451-YHYPW,1
5108-ADXWO,0
7998-WNZEM,1
3066-RRJIO,0
0307-BCOPK,0
7629-WFGLW,1
2542-HYGIQ,0
6715-OFDBP,0
5016-LIPDW,0
1567-DSCIC,1
2150-UWTFY,0
6124-ACRHJ,0
9362-MWODR,0
9975-GPKZU,0
9625-RZFUK,0
5153-LXKDT,1
5161-UBZXI,0
1020-JPQOW,1
7919-ZODZZ,0
0565-JUPYD,1
5939-XAIXZ,1
9054-FOWNV,1
2683-BPJSO,1
2157-MXBJS,1
8207-VVMYB,1
9732-EQMWY,0
9360-AHGNL,1
1087-UDSIH,0
5269-NRGDP,0
6195-MELTI,0
5485-WUYWF,0
2121-JAFOM,1
8818-DOPVL,1
2632-UCGVD,1
5445-PZWGX,1
1227-UDMZR,1
5198-HQAEN,0
9170-CCKOU,1
2167-FQSTQ,1
2819-GWENI,0
1043-YCUTE,1
3814-MLAXC,1
3572-UUHRS,0
2692-PFYTJ,1
1226-UDFZR,0
5955-EPOAZ,0
6821-JPCDC,0
8815-LMFLX,1
9135-HSWOC,0
5811-IWXYM,1
7044-YAACC,0
8189-XRIKE,0
1506-YJTYT,1
4123-DVHPH,1
6425-YQLLO,1
5442-UTCVD,1
2228-BZDEE,0
2789-CZANW,1
2091-RFFBA,1
2114-MGINA,0
7596-LDUXP,0
3740-RLMVT,0
4489-SNOJF,1
2192-OZITF,1
5651-CPDND,0
2186-QZEYA,1
1131-ALZWV,1
7729-XBTWX,0
9134-WYRVP,0
3284-SVCRO,1
9732-OUYRN,0
0559-CKHUS,0
2931-SVLTV,1
6899-PPEEA,1
7504-UWHNB,0
1431-AIDJQ,0
6288-LBEAR,0
4597-NUCQV,1
9019-QVLZD,0
8413-YNHNV,1
5808-TOTXO,0
4369-NYSCF,0
6333-YDVLT,1
5324-KTGCG,0
5599-HVLTW,1
7394-LWLYN,0
3707-LRWZD,1
6873-UDNLD,0
2700-LUEVA,0
1455-ESIQH,0
0958-YHXGP,0
1101-SSWAG,1
2979-SXESE,1
4013-TLDHQ,0
5743-KHMNA,1
4194-FJARJ,1
5325-UWTWJ,1
3969-GYXEL,0
9208-OLGAQ,0
3244-CQPHU,1
2674-MLXMN,1
6992-TKNYO,1
4468-YDOVK,0
3754-DXMRT,0
5792-JALQC,1
7130-VTEWQ,1
2200-DSAAL,1
4302-ZYFEL,0
9351-LZYGF,1
4366-CTOUZ,0
6121-VZNQB,0
7903-CMPEY,1
1518-OMDIK,0
6671-NGWON,0
0595-ITUDF,1
6996-KNSML,0
1955-IBMMB,0
0096-BXERS,1
3806-YAZOV,0
7998-ZLXWN,0
6253-WRFHY,0
9133-AYJZG,1
2675-OTVVJ,1
8680-CGLTP,0
8430-TWCBX,0
5018-GWURO,1
6741-QRLUP,1
4737-HOBAX,1
0537-QYZZN,1
3340-QBBFM,0
1704-NRWYE,0
8200-KLNYW,0
3372-CDXFJ,1
4781-ZXYGU,0
7632-YUTXB,0
2718-YSKCS,0
9896-UYMIE,1
0853-NWIFK,0
8212-CRQXP,0
6980-CDGFC,0
7691-XVTZH,1
2520-SGTTA,0
7481-ATQQS,1
2277-VWCNI,1
1088-CNNKB,1
8642-GVWRF,0
1930-BZLHI,0
3400-ESFUW,0
5868-YTYKS,0
3525-DVKFN,0
1482-OXZSY,1
0377-JBKKT,0
5778-BVOFB,0
3373-YZZYM,0
2057-ZBLPD,1
0228-MAUWC,1
5502-RLUYV,1
7663-YJHSN,1
4915-BFSXL,1
3086-RUCRN,1
7576-JMYWV,1
0257-KXZGU,1
1307-ATKGB,0
8417-FMLZI,0
3714-XPXBW,1
1850-AKQEP,0
2824-DXNKN,1
0848-ZGQIJ,0
8042-RNLKO,1
1792-UXAFY,0
5372-FBKBN,0
0420-TXVSG,1
6217-TOWGS,1
0515-YPMCW,0
0378-XSZPU,0
1045-LTCYT,0
1544-JJMYL,0
4636-JGAAI,1
6874-SGLHU,0
5951-AOFIH,0
3059-NGMXB,1
8652-YHIYU,1
5278-PNYOX,0
5449-FIBXJ,1
3486-HOOGQ,1
5061-PBXFW,0
8630-FJLIB,0
4749-OJKQU,1
0577-WHMEV,1
5453-AXEPF,1
3639-XJHKQ,0
3716-LRGXK,1
2263-SFSQZ,1
9950-MTGYX,0
3397-AVTKU,0
4825-FUREZ,0
9837-BMCLM,0
2672-OJQZP,0
0137-UDEUO,0
3134-DSHVC,1
6161-UUUTA,0
7821-DPRQE,1
6543-XRMYR,1
2001-EWBQU,1
4925-LMHOK,1
1608-GMEWB,1
6695-AMZUF,0
1455-UGQVH,1
8410-BGQXN,0
8280-MQRQN,0
1619-YWUBB,1
7611-YKYTC,0
2037-SGXHH,1
3178-FESZO,1
0365-GXEZS,0
0082-OQIQY,0
6087-MVHJH,1
4603-JANFB,0
3018-TFTSU,0
4806-KEXQR,0
0667-NSRGI,1
7083-YNSKY,1
6893-ODYYE,0
8242-JSVBO,0
2479-BRAMR,1
9541-ZPSEA,0
2665-NPTGL,1
4693-VWVBO,0
7434-SHXLS,0
6937-GCDGQ,0
0988-JRWWP,0
5075-JSDKI,1
7908-QCBCA,0
6711-FLDFB,1
3873-WOSBC,1
7465-ZZRVX,0
7975-JMZNT,1
7251-XFOIL,1
4116-IQRFR,1
3714-JTVOV,0
8259-DZLIZ,1
0442-ZXKVS,1
7853-WNZSY,0
3120-FAZKD,1
8606-OEGQZ,1
0225-ZORZP,0
4702-IOQDC,0
9489-JMTTN,1
0575-CUQOV,0
0967-BMLBD,0
6178-KFNHS,1
2830-LEWOA,0
5006-MXVRN,0
1264-BYWMS,1
9658-WYUFB,1
8327-WKMIE,0
6917-FIJHC,1
5329-KRDTM,1
7797-EJMDP,0
3530-VWVGU,0
2013-SGDXK,0
6368-NWMCE,1
3633-CDBUW,0
0707-HOVVN,1
8580-QVLOC,1
3956-MGXOG,0
9274-UARKJ,0
4077-HWUYD,1
2012-NWRPA,1
8808-ELEHO,1
0103-CSITQ,1
3506-LCJDC,0
7305-ZWMAJ,0
9518-XXBXE,0
3934-HXCFZ,1
6578-KRMAW,0
4860-IJUDE,0
7666-WKRON,0
9688-YGXVR,0
0423-UDIJQ,0
1945-XISKS,0
4910-AQFFX,1
2154-KVJFF,1
5360-LJCNJ,1
2607-FBDFF,0
9647-ERGBE,1
3428-XZMAZ,0
0378-TOVMS,0
4355-HBJHH,1
6728-WYQBC,0
9058-CBREO,1
9029-FEGVJ,1
7216-KAOID,0
0318-QUUOB,0
6145-NNPNO,0
5520-FVEWJ,1
5339-TJFEK,1
5572-ZDXHY,0
2074-GUHPQ,1
4625-XMOYM,1
5827-MWCZK,1
1385-TQOZW,0
5914-XRFQB,1
4329-YPDDQ,0
4804-NCPET,0
3750-CKVKH,0
8063-GBATB,1
7787-BNTZM,0
2252-ISRNH,1
9415-TPKRV,1
5322-TEUJK,1
4547-KQRTM,1
4877-EVATK,0
8375-KVTHK,0
2697-NQBPF,1
3709-OIJEA,0
7639-SUPCW,0
1386-ZIKUV,0
0599-XNYDO,0
6377-WHAOX,1
6855-VLGOS,0
8999-XXGNS,1
8746-OQQRW,1
3181-MIZBN,0
0471-ARVMX,1
7766-CLTIC,0
5650-YLIBA,1
0825-CPPQH,0
9084-OAYKL,0
6122-LJADA,1
2400-XIWIO,1
7524-VRLPL,1
1069-XAIEM,1
7569-NMZYQ,1
5201-USSQZ,0
2105-PHWON,1
1494-EJZDW,0
4884-TVUQF,1
8003-EWNDZ,0
1897-RCFUM,1
9256-JTBNZ,0
4658-HCOHW,0
2211-RMNHO,1
2432-TFSMK,1
3440-JPSCL,0
4929-ROART,1
1834-ABKHQ,0
1741-WTPON,1
3932-IJWDZ,1
1240-HCBOH,1
8065-BVEPF,0
3796-ENZGF,1
1734-ZMNTZ,1
2853-CWQFQ,0
0813-TAXXS,1
2519-TWKFS,1
2889-FPWRM,1
0626-QXNGV,1
6987-XQSJT,1
4732-RRJZC,0
9499-XPZXM,1
4338-EYCER,0
3007-FDPEA,0
6350-XFYGW,0
4290-BSXUX,1
8513-OLYGY,1
0311-QYWSS,0
8705-DWKTI,0
8755-IWJHN,1
0325-XBFAC,0
4480-QQRHC,0
0929-PECLO,1
3680-CTHUH,1
1202-KKGFU,0
6112-KTHFQ,0
1852-XEMDW,1
2462-XIIJB,1
4760-XOHVN,0
1820-DJFPH,1
9426-SXNHE,0
9068-FHQHD,0
1269-FOYWN,0
9470-YFUYI,0
7817-BOQPW,1
7402-EYFXX,1
1853-UDXBW,0
5458-CQJTA,0
1230-QAJDW,1
5701-ZIKJE,0
5219-YIPTK,1
5032-MIYKT,0
7396-VJUZB,0
9717-QEBGU,0
5172-RKOCB,1
6509-TSGWN,1
3540-RZJYU,0
3178-CIFOT,0
4530-NDRKU,0
5985-TBABQ,1
9800-ONTFE,1
8455-HIRAQ,0
6616-AALSR,1
0883-EIBTI,0
9415-ZNBSX,1
4018-KJYUY,0
0722-TROQR,1
7571-YXDAD,1
8780-RSYYU,0
5537-UXXVS,0
1791-PQHBB,0
8701-DGLVH,0
3393-FMZPV,1
8082-GHXOP,0
6402-ZFPPI,1
0980-FEXWF,0
7486-KSRVI,1
3011-WQKSZ,0
8443-WVPSS,0
3006-XIMLN,1
8218-FFJDS,1
1986-PHGZF,1
9965-YOKZB,1
0504-HHAPI,1
9360-OMDZZ,1
6305-YLBMM,0
0345-XMMUG,1
8024-XNAFQ,1
3647-GMGDH,0
2988-GBIVW,1
2832-SCUCO,0
7036-ZZKBD,0
3791-LGQCY,1
0265-PSUAE,0
0463-TXOAK,1
0594-UFTUL,0
9509-MPYOD,0
9128-CPXKI,0
0129-KPTWJ,0
8166-ZZTFS,1
5855-EIBDE,1
5365-LLFYV,0
5956-YHHRX,1
2956-GGUCQ,1
1928-BXYIV,1
5760-FXFVO,0
6595-COKXZ,0
0961-ZWLVI,1
5181-OABFK,0
4007-NHVHI,1
5871-DGTXZ,0
7550-WIQVA,1
7544-ZVIKX,1
0016-QLJIS,1
7508-DQAKK,1
5176-OLSKT,1
9356-AXGMP,1
3556-BVQGL,0
0362-ZBZWJ,1
8979-CAMGB,1
4211-MMAZN,0
7581-EBBOU,0
4274-OWWYO,0
5073-RZGBK,1
1541-ETJZO,1
3154-HMWUU,0
7813-ZGGAW,1
8748-HFWBO,0
1052-QJIBV,0
1319-YLZJG,0
4106-HADHQ,0
0723-FDLAY,1
3050-RLLXC,1
9298-WGMRW,1
2369-UAPKZ,1
3088-LHEFH,1
6583-KQJLK,0
8544-JNBOX,0
6681-ZSEXG,1
6139-ZZRBQ,0
6116-RFVHN,1
0637-KVDLV,1
8884-FEEWR,0
3125-RAHBV,0
6633-MPWBS,0
8785-EPNCG,1
1682-VCOIO,0
5729-KLZAR,0
2072-ZVJJX,1
8849-AYPTR,0
9518-IMLHK,0
1582-RAFML,1
3646-ITDGM,0
8740-CRYFY,0
3569-VLDHH,0
8224-KDLKN,1
7594-LZNWR,0
4001-TSBTV,0
2962-XPMCQ,0
1043-UXOVO,1
1064-FBXNK,0
3996-ZNWYK,0
2878-DHMIN,0
7762-ONLJY,0
1678-FYZOW,0
5795-BKOYE,0
7402-PWYJJ,1
5480-TBGPH,0
0018-NYROU,0
7501-VTYLJ,0
7608-RGIRO,1
0480-BIXDE,0
5895-QSXOD,0
9814-AOUDH,0
6175-IRFIT,0
8760-ZRHKE,1
1622-HSHSF,0
8854-CCVSQ,1
6749-UTDVX,1
5542-DHSXL,0
9102-OXKFY,1
0511-JTEOY,0
5216-WASFJ,1
7808-DVWEP,0
7067-KSAZT,1
2284-VFLKH,0
0366-NQSHS,0
6532-YLWSI,0
3807-BPOMJ,0
3892-NXAZG,1
4948-WBBKL,1
4182-BGSIQ,0
9300-AGZNL,1
0988-AADSA,1
9972-NKTFD,0
3717-LNXKW,1
5734-EJKXG,1
2207-RYYRL,1
6729-FZWSY,0
9695-IDRZR,1
8144-DGHXP,0
7814-LEEVE,0
1112-CUNAO,1
5175-AOBHI,0
5174-RNGBH,0
8631-WUXGY,0
7270-BDIOA,1
9565-JSNFM,0
5906-DVAPM,1
6654-QGBZZ,0
8348-JLBUG,0
0607-DAAHE,0
5641-DMBFJ,1
2664-XJZNO,0
9732-KPKBW,0
3339-EAQNV,1
0921-OHLVP,1
3389-YGYAI,1
9560-ARGQJ,0
1600-DILPE,0
0536-ESJEP,0
6478-HRRCZ,0
8510-BBWMU,0
6857-TKDJV,1
2360-RDGRO,1
0584-BJQGZ,1
5134-IKDAY,0
1360-XFJMR,1
3070-DVEYC,1
9058-MJLZC,0
5707-ORNDZ,1
0902-XKXPN,0
5177-RVZNU,0
8993-IZEUX,0
8696-JKZNU,1
5380-AFSSK,1
0931-MHTEM,0
2055-PDADH,0
7515-LODFU,0
0440-UEDAI,0
0868-VJRDR,0
8714-EUHJO,1
3950-VPYJB,0
8041-TMEID,1
6941-KXRRV,0
3721-CNEYS,0
8727-JQFHV,0
9475-NNDGC,1
1355-KUSBG,1
3688-FTHLT,1
0899-LIIBW,1
2568-OIADY,1
1384-RCUXW,1
5825-XJOCM,1
6848-YLDFR,0
8125-QPFJD,1
2320-YKQBO,0
1193-RTSLK,0
2302-ANTDP,1
5923-GXUOC,0
4973-RLZVI,0
7869-ZYDST,1
4501-UYKBC,1
1215-EXRMO,0
2305-MRGLV,0
2359-KLTEK,0
5304-EFJLP,1
2673-ZALNP,0
9184-GALIL,0
4393-RYCRE,0
9746-MDMBK,1
3162-ZJZFU,0
8404-GFGCZ,1
8875-AKBYH,1
4432-ADRLB,0
0533-UCAAU,1
1394-SUIUH,0
3521-MNKLV,0
1565-RHDJD,1
7137-RYLPP,1
3765-JXVKY,0
5092-STPKP,0
7330-WZLNC,1
0114-PEGZZ,1
3359-DSRKA,0
8639-NHQEI,1
7161-DFHUF,1
3957-LXOLK,1
3720-DBRWL,0
6635-MYYYZ,0
8565-WUXZU,0
5281-BUZGT,1
4994-OBRSZ,0
0562-FGDCR,1
3420-YJLQT,1
6040-CGACY,0
6582-PLFUU,0
0264-CNITK,0
0089-IIQKO,1
7839-NUIAA,1
6075-QMNRR,0
5966-EMAZU,1
0440-EKDCF,0
4774-HHGGS,0
2718-GAXQD,0
2055-BFOCC,0
8180-AKMJV,0
4298-OYIFC,1
5566-SOEZD,0
2272-WUSPA,1
4584-LBNMK,1
3898-GUYTS,1
0930-EHUZA,0
6413-XKKPU,0
9975-SKRNR,0
3703-KBKZP,1
1449-XQEMT,0
2626-URJFX,1
4973-MGTON,0
3682-YEUWS,1
1223-UNPKS,0
2612-RRIDN,0
4735-ASGMA,1
3446-QDSZF,0
6892-EZDTG,1
5117-IFGPS,1
7379-FNIUJ,0
1627-AFWVJ,0
9725-SCPZG,0
5884-GCYMI,0
3217-FZDMN,0
4486-EFAEB,0
0060-FUALY,1
7853-GVUDZ,0
7480-QNVZJ,1
6954-OOYZZ,0
7088-FBAWU,0
8313-AFGBW,0
3943-KDREE,1
3097-IDVPU,1
4398-HSCJH,1
2303-PJYHN,0
1237-WIYYZ,0
1987-AUELQ,1
7852-LECYP,1
4822-LPTYJ,1
6527-PZFPV,0
4855-SNKMY,0
9593-CVZKR,1
8595-SIZNC,1
7124-UGSUR,1
5236-XMZJY,0
4827-DPADN,1
2694-CIUMO,1
5846-ABOBJ,1
1439-LCGVL,0
4647-XXZAM,0
1502-XFCVR,0
9692-TUSXH,0
7912-SYRQT,1
3557-HTYWR,1
4816-JBHOV,0
8920-NAVAY,1
1699-TLDLZ,0
5600-PDUJF,0
8292-TYSPY,0
1867-BDVFH,1
2067-QYTCF,1
2359-QWQUL,0
9103-TCIHJ,1
7407-SUJIZ,0
9150-KPBJQ,0
0052-DCKON,1
3654-ARMGP,1
9699-UBQFS,1
9367-TCUYN,0
0708-SJDIS,1
4140-WJAWW,0
6928-ONTRW,0
3320-VEOYC,1
5231-FIQPA,0
6617-WLBQC,1
2599-CIPQE,0
6653-CBBOM,0
8774-GSBUN,1
7326-RIGQZ,0
1401-FTHFQ,0
3247-ZVOUO,1
0254-FNMCI,0
1848-LBZHY,0
6101-IMRMM,0
8118-TJAFG,0
5429-LWCMV,1
7298-IZWLY,0
3955-JBZZM,0
1268-ASBGA,1
8943-URTMR,0
4815-TUMEQ,0
4713-LZDRV,0
9909-IDLEK,1
4092-OFQZS,0
1561-BWHIN,0
4325-NFSKC,1
9927-DSWDF,0
9500-LTVBP,1
7252-NTGSS,0
8149-AIQCG,1
1360-JYXKQ,0
2955-PSXOE,0
7762-URZQH,1
0899-WZRSD,1
3255-GRXMG,0
4828-FAZPK,1
6094-ZIVKX,0
6925-BAYGL,1
3262-EIDHV,1
7354-OIJLX,1
1376-HHBDV,0
6907-NZZIJ,1
4135-FRWKJ,1
3744-ZRRDZ,1
6551-ZCOTS,1
5018-LXQQG,0
6892-BOGQE,0
1602-IJQQE,1
4628-WQCQQ,0
1746-TGTWV,0
5995-SNNEW,1
2821-WARNZ,0
4879-GZLFH,0
1644-IRKSF,0
8314-HTWVE,0
9402-ROUMJ,1
2507-QZPQS,1
7159-NOKYQ,1
5707-ZMDJP,0
8779-YIQQA,0
7136-IHZJA,0
8966-OIQHG,0
3705-PSNGL,0
8739-QOTTN,0
1399-OUPJN,0
0277-BKSQP,0
6502-HCJTI,1
5774-XZTQC,0
2676-SSLTO,1
6266-QHOJZ,1
7269-JISCY,0
0363-SVHYR,1
8547-NSBBO,1
8258-GSTJK,1
6861-OKBCE,0
9940-RHLFB,0
6591-QGOYB,1
9070-BCKQP,1
6421-SZVEM,0
1328-EUZHC,0
2995-UPRYS,0
8878-RYUKI,0
9633-DENPU,0
7811-JIVPF,0
7113-HIPFI,0
8541-QVFKM,1
6686-YPGHK,0
1383-EZRWL,0
9258-CNWAC,1
5371-VYLSX,1
6374-AFWOX,0
4759-TRPLW,0
7621-VPNET,1
6034-YMTOB,0
8563-IIOXK,0
4903-CNOZC,1
4353-HYOJD,0
8020-BWHYL,0
7267-FRMJW,0
2982-VPSGI,1
4188-FRABG,1
8199-ZLLSA,1
4128-ETESU,1
0620-DLSLK,0
5980-NOPLP,1
3850-OKINF,1
6892-XPFPU,1
8010-EZLOU,1
1156-ZFYDO,0
3295-YVUSR,1
8016-NCFVO,1
4119-ZYPZY,1
5549-ZGHFB,1
7577-SWIFR,0
0303-WMMRN,0
6408-OTUBZ,1
5204-HMGYF,0
3727-OVPRY,1
3797-FKOGQ,1
6196-HBOBZ,1
3970-XGJDU,0
7017-VFULY,0
5562-YJQGT,0
8807-OPMBM,1
5439-WIKXB,0
9874-QLCLH,1
8294-UIMBA,0
8109-YUOHE,0
5840-NVDCG,0
8092-NLTGF,1
5928-QLDHB,1
9840-EFJQB,0
0696-UKTOX,0
4801-KFYKL,0
6135-OZQVA,1
8062-YBDOE,0
2252-JHJGE,1
4188-PCPIG,0
6000-APYLU,0
7105-BENQF,0
7721-DVEKZ,0
3566-VVORZ,0
9507-HSMMZ,0
2480-SQIOB,0
0947-IDHRQ,0
7813-TKCVO,0
3672-YITQD,1
4350-ZTLPI,1
9048-JVYVF,0
5727-MYATE,1
3823-KYNQY,1
8988-ECPJR,1
7570-WELNY,1
3021-VLNRJ,0
2080-CAZNM,1
1028-FFNJK,1
6907-FLBER,1
3001-UNBTL,1
5982-PSMKW,1
3507-GASNP,0
7096-ZNBZI,1
1902-XBTFB,0
1676-MQAOA,0
0786-IVLAW,1
7566-DSRLQ,1
0643-OKLRP,1
7245-JMTTQ,1
6050-IJRHS,1
6202-JVYEU,0
8591-TKMZH,1
0734-OXWBT,0
0365-TRTPY,1
7349-ALMUX,0
6502-KUGLL,0
1841-YSJGV,1
8382-SHQEH,1
7668-XCFYV,1
2983-ZANRP,0
7845-URHJN,0
5018-HEKFO,1
2923-ARZLG,0
3976-NLDEZ,0
2282-YGNOR,0
5336-UFNZP,1
6854-EXGSF,1
1241-EZFMJ,1
9233-PSYHO,1
5376-PCKNB,1
8044-BGWPI,0
4060-LDNLU,1
3589-PPVKW,0
8327-LZKAS,1
5887-IKKYO,1
1075-BGWOH,1
1755-RMCXH,0
0302-JOIVN,0
3858-XHYJO,1
4299-SIMNS,1
7025-IWFHT,0
6261-LHRTG,0
7841-FCRQD,0
2056-EVGZL,0
8777-MBMTS,0
7753-USQYQ,0
5366-IJEQJ,1
7661-CPURM,0
6233-HXJMX,1
5902-WBLSE,0
1981-INRFU,0
4971-PUYQO,1
3239-TPHPZ,0
3338-CVVEH,1
8485-GJCDN,0
2615-YVMYX,1
2851-STERV,0
4393-GEADV,1
8486-AYEQH,1
1527-SXDPN,1
6029-WTIPC,1
8634-CILSZ,1
5419-JKZNQ,1
2495-KZNFB,1
1409-PHXTF,1
4560-WQAQW,1
4274-DRSQT,1
2027-DNKIV,0
8075-GXIUB,0
2885-HIJDH,1
5424-RLQLC,0
6682-QJDGB,0
6507-DTJZV,0
8780-IXSTS,1
7673-BQGKU,0
6723-WSNTY,1
9530-EHPOH,1
2725-IWWBA,0
0345-HKJVM,0
1061-PNTHC,1
0394-YONDK,1
6574-MCOEH,1
7399-QHBJS,1
3049-SOLAY,1
0997-YTLNY,0
9479-HYNYL,0
3235-ETOOB,0
9708-KFDBY,0
8058-INTPH,0
3642-GKTCT,1
1334-PDUKM,1
2242-MFOTG,1
2927-CVULT,1
2144-BFDSO,1
7647-GYYKX,0
5647-FXOTP,1
5569-OUICF,1
8821-XNHVZ,0
2082-OJVTK,1
9700-ISPUP,0
6078-VESFR,0
9027-TMATR,0
5940-NFXKV,1
1941-HOSAM,0
9110-HSGTV,0
0704-VCUMB,0
6171-ZTVYB,1
8053-WWDRO,0
9564-KCLHR,0
1935-IMVBB,0
2082-CEFLT,0
1470-PSXNM,1
1213-NGCUN,0
2498-XLDZR,0
9866-OCCKE,1
5338-YHWYT,0
7718-UPSKJ,0
8731-WBBMB,0
1448-CYWKC,1
7901-IIDQV,1
2690-DVRVK,0
5688-KZTSN,0
1270-XKUCC,0
0334-ZFJSR,1
5747-PMBSQ,0
4565-EVZMJ,0
3143-JQEGI,0
6386-SZZKH,1
3327-YBAKM,0
9441-QHEVC,0
6705-LNMDD,0
3370-GQEAL,1
5032-USPKF,1
2982-IHMFT,1
3521-SYVOR,0
6283-GITPX,0
9526-JAWYF,0
0771-CHWSK,1
9788-HNGUT,1
5375-XLDOF,1
1172-VIYBP,1
5649-VUKMC,0
6559-PDZLR,0
8992-OBVDG,0
4273-MBHYA,0
4724-WXVWF,1
1460-UZPRJ,0
6082-GLJIX,0
4919-IKATY,1
2495-TTHBQ,0
0485-ZBSLN,1
3810-PJUHR,1
9050-QLROH,1
0847-HGRML,0
8232-CTLKO,0
9227-YBAXE,1
6168-WFVVF,0
9860-LISIZ,0
0112-QAWRZ,1
0877-SDMBN,1
2786-GCDPI,1
4043-MKDTV,0
8065-YKXKD,1
9637-EIHEQ,0
9229-RQABD,1
8313-KTIHG,0
5320-BRKGK,1
6284-KMNUF,1
9689-PTNPG,0
9465-RWMXL,1
2362-IBOOY,1
3137-LUPIX,1
0843-WTBXE,1
6143-JQKEA,0
5515-IDEJJ,0
9701-CDXHR,0
7450-NWRTR,1
5376-DEQCP,0
5118-MUEYH,1
9095-HFAFX,0
5627-TVBPP,0
2379-ENZGV,0
3936-QQFLL,0
2589-AYCRP,0
4067-HLYQI,0
5124-EOGYE,0
5057-RKGLH,0
0292-WEGCH,1
8910-ICHIU,0
4097-YODCF,1
9715-WZCLW,1
9786-YWNHU,0
6407-GSJNL,1
6005-OBZPH,1
4049-ZPALD,0
3733-UOCWF,1
6833-JMZYP,0
2722-VOJQL,1
1310-QRITU,1
8961-QDZZJ,0
9715-SBVSU,0
8490-BXHEO,1
7173-TETGO,1
7929-SKFGK,1
2300-RQGOI,0
3563-SVYLG,0
5228-EXCET,0
6435-VWCCY,1
4998-IKFSE,1
8630-QSGXK,1
2455-USLMV,1
7394-FKDNK,0
9488-FVZCC,1
6331-LWDTQ,1
5995-WWKKG,0
1597-FZREH,0
7879-CGSFV,0
9921-EZKBY,1
7432-FFVAR,0
7246-ZGQDF,0
7000-WCEVQ,1
0727-IWKVK,0
5959-BELXA,1
4456-RHSNB,0
3512-IZIKN,1
2481-SBOYW,1
7109-MFBYV,0
1833-TCXKK,1
1832-PEUTS,1
6141-OOXUQ,0
8660-BUETV,0
0580-PIQHM,1
5696-CEIQJ,0
7503-ZGUZJ,1
1696-HXOWK,1
3026-ATZYV,0
4012-YCFAI,0
2506-TNFCO,0
9970-QBCDA,0
9496-IVVRP,0
2207-OBZNX,0
2657-VPXTA,0
6551-VLJMV,0
1221-GHZEP,0
9289-LBQVU,1
6142-VSJQO,0
3458-IDMFK,0
6933-FHBZC,0
0221-NAUXK,0
9770-KXGQU,1
6437-UKHMV,0
6538-POCHL,0
6726-NNFWD,0
3002-WQZWT,1
4277-UDIEF,1
1208-NBVFH,0
4912-PIGUY,1
1114-CENIM,1
6060-DRTNL,0
2725-TTRIQ,1
3374-TTZTK,0
8990-ZXLSU,0
2275-RBYQS,0
8473-VUVJN,1
6289-CPNLD,0
5536-SLHPM,1
4419-UJMUS,1
7794-JASDG,0
7609-YBPXG,1
5519-TEEUH,0
7856-GANIL,1
2676-OXPPQ,0
3703-TTEPD,0
2799-TSLAG,1
0196-VULGZ,1
8837-VVWLQ,0
2696-NARTR,0
2208-NKVVH,1
1976-CFOCS,0
4631-OACRM,0
7139-JZFVG,0
3755-JBMNH,0
1757-TCATG,0
6345-ULYRW,1
8048-DSDFQ,0
5753-QQWPW,0
6010-DDPPW,1
1809-DMJHQ,0
6693-FRIRW,0
6586-MYGKD,1
3173-NVMPX,1
0248-PGHBZ,0
0623-GDISB,0
2892-GESUL,0
6923-EFPNL,1
7472-EQOAV,0
9574-RKJIF,1
2043-WVTQJ,0
8034-RYTVV,1
3863-QSTYI,0
2619-WFQWU,0
5044-LRQAQ,0
1716-LSAMB,0
1333-PBMXB,1
6546-OPBBH,1
5985-BEHZK,1
9127-QRZMH,0
5919-VCZYM,0
9644-KVCNC,1
8174-LNWMW,0
9279-CJEOJ,1
7964-VEXDG,1
2404-JIBFC,1
8029-XYPWT,1
4614-NUVZD,0
4632-PAOYU,0
3803-KMQFW,0
6804-GDMOI,1
2990-OGYTD,1
6646-JPPHA,0
9572-MTILT,1
7658-UYUQS,0
9611-CTWIH,0
4589-IUAJB,1
0329-GTIAJ,0
8746-BFOAJ,0
8457-XIGKN,0
6072-NUQCB,0
6629-CZTTH,0
8838-GPHZP,0
8750-QWZAJ,0
5364-EVNIB,0
6918-UMQCG,0
0675-NCDYU,1
1346-PJWTK,0
5088-QZLRL,0
8023-QHAIO,1
4397-FRLTA,0
3057-VJJQE,1
2302-OUZXB,1
8133-ANHHJ,1
2270-CHBFN,1
0013-EXCHZ,0
5982-FPVQN,1
9107-UKCKY,1
4654-ULTTN,1
5550-VFRLC,0
5546-BYZSM,0
1492-KGETH,1
4929-BSTRX,0
4163-HFTUK,0
8215-NGSPE,0
2225-ZRGSG,1
8859-YSTWS,0
5271-YNWVR,1
7601-DHFWZ,1
2657-ALMWY,0
6330-JKLPC,1
4667-OHGKG,0
1998-VHJHK,0
1707-HABPF,0
1660-HSOOQ,0
7253-UVNDW,0
0487-VVUVK,0
7228-OMTPN,0
5063-IUOKK,0
4508-OEBEY,0
0027-KWYKW,1
2308-STERM,0
5982-XMDEX,1
6284-AHOOQ,1
6051-PTVNS,0
2344-JMOGN,0
3799-ISUZQ,0
9152-AMKAK,0
1794-HBQTJ,0
9432-VOFYX,0
8049-WJCLQ,0
6586-PSJOX,0
9705-ZJBCG,0
4818-DRBQT,1
1320-HTRDR,1
6847-KJLTS,1
9670-BPNXF,0
3913-FCUUW,1
3301-VKTGC,1
1493-AMTIE,0
9555-SAHUZ,0
0816-TSPHQ,0
9932-WBWIK,0
4619-EVPHY,0
5286-YHCVC,1
6424-ELEYH,1
4391-RESHN,1
9115-YQHGA,0
4462-CYWMH,1
8963-MQVYN,0
2458-EOMRE,0
9334-GWGOW,1
6821-BUXUX,1
5028-HTLJB,0
9801-GDWGV,1
5567-GZKQY,0
1222-LRYKO,1
2320-JRSDE,0
2087-QAREY,0
4423-JWZJN,1
5143-WMWOG,0
6490-FGZAT,0
5393-RXQSZ,0
7452-FOLON,1
2320-TZRRH,0
0231-LXVAP,0
9444-JTXHZ,0
4942-VZZOM,1
5510-BOIUJ,0
7502-BNYGS,0
6147-CBCRA,0
6047-SUHPR,0
4471-KXAUH,1
9752-ZNQUT,0
7638-QVMVY,0
1576-PFZIW,0
5666-MBJPT,1
7312-XSBAT,0
3096-GKWEB,1
2371-JQHZZ,1
0674-GCDXG,1
1121-QSIVB,1
4396-KLSEH,0
3244-DCJWY,0
2824-MYYBN,1
0875-CABNR,0
6469-QJKZW,0
0147-ESWWR,1
1217-VASWC,0
7812-FZHPE,1
6370-ZVHDV,1
5915-DGNVC,1
6260-XLACS,0
4983-CCWMC,0
9103-CXVOK,0
2896-TBNBE,0
4797-AXPXK,0
5229-PRWKT,1
6982-UQZLY,0
2522-WLNSF,0
0193-ESZXP,0
4475-NVTLU,0
4369-HTUIF,0
9386-LDCZR,0
9585-KKMFD,0
5399-ZIMKF,0
5619-XZZKR,0
3948-FVVRP,0
5327-XOKKY,1
0983-TATYJ,0
1813-JYWTO,1
0156-FVPTA,0
1984-FCOWB,1
0654-HMSHN,1
6719-OXYBR,0
3312-ZWLGF,1
6476-YHMGA,0
5287-QWLKY,1
0795-XCCTE,1
0168-XZKBB,1
3785-NRHYR,0
5196-SGOAK,0
4537-DKTAL,0
7072-MBHEV,1
5602-BVFMK,0
6297-NOOPG,1
1891-UAWWU,1
8204-TIFGJ,0
8050-DVOJX,1
6108-OQZDQ,1
0363-QJVFX,1
8903-XEBGX,0
9840-DVNDC,0
1089-XZWHH,0
2325-WINES,1
6064-ZATLR,0
3096-JRDSO,1
7824-PANSQ,1
8042-JVNFH,0
9648-BCHKM,1
2888-ADFAO,0
8707-HOEDG,1
3374-LXDEV,1
4072-IPYLT,0
7167-PCEYD,0
4936-YPJNK,0
1580-BMCMR,0
4817-KEQSP,0
6408-WHTEF,1
9251-AWQGT,0
8749-CLJXC,0
7989-VCQOH,0
5049-GLYVG,0
4199-QHJNM,1
5883-GTGVD,1
5135-GRQJV,1
2384-OVPSA,0
1371-WEPDS,0
3580-GICBM,1
4817-QRJSX,1
9730-DRTMJ,1
4686-UXDML,1
3349-ANQNH,1
2398-YPMUR,0
0932-YIXYU,0
7480-SPLEF,1
7636-XUHWW,0
1431-CYWMH,0
5937-EORGB,1
6349-JDHQP,0
5539-HIVAK,1
5847-MXBEO,0
9985-MWVIX,0
4583-PARNH,0
1421-HCERK,1
9633-XQABV,0
0716-BQNDX,1
1265-XTECC,1
1183-CANVH,0
1972-XMUWV,0
8679-LZBMD,0
3407-JMJQQ,1
6252-DFGTK,1
1539-LNKHM,0
8645-KOMJQ,1
0289-IVARM,0
9761-XUJWD,0
4057-FKCZK,1
4291-TPNFG,1
6087-YPWHO,1
3090-QFUVD,0
2237-ZFSMY,0
1722-LDZJS,0
1818-ESQMW,0
4871-JTKJF,0
1415-YFWLT,0
7401-RUBNK,0
0506-YLVKJ,0
8661-BOYNW,1
6711-VTNRE,0
2805-AUFQN,0
7233-DRTRF,1
3500-RMZLT,0
3873-NFTGI,1
1162-ECVII,1
7048-GXDAY,1
1169-WCVAK,1
4548-SDBKE,1
7129-CAKJW,1
8695-ARGXZ,1
3570-YUEKJ,0
4143-OOBWZ,1
1555-HAPSU,1
1697-NVVGY,0
7854-EKTJL,0
8464-EETCQ,0
2419-FSORS,1
8132-YPVBX,0
9102-IAYHT,1
6754-LZUKA,1
3422-LYEPQ,0
8099-MZPUJ,1
0787-LHDYT,0
2642-DTVCO,1
0374-IOEGQ,0
4361-JEIVL,0
3197-NNYNB,1
3396-DKDEL,1
1752-OZXFY,0
9066-QRSDU,1
9112-WSNPU,0
9867-NNXLC,0
5321-NTRKC,1
1363-TXLSL,0
9507-EXLTT,0
3161-GETRM,1
0402-OAMEN,1
6754-WKSHP,1
9846-GKXAS,0
6017-PPLPX,0
5055-MGMGF,1
4641-FROLU,0
2862-JVEOY,0
9822-BIIGN,1
2077-MPJQO,1
1534-OULXE,0
2971-SGAFL,1
1480-IVEVR,1
2905-KFQUV,0
4581-SSPWD,1
3370-HXOPH,1
9391-YZEJW,1
9958-MEKUC,1
0281-CNTZX,0
6927-WTFIV,0
4118-CEVPF,1
3398-ZOUAA,0
9114-VEPUF,1
7876-BEUTG,1
2338-BQEZT,0
9873-MNDKV,0
0378-NHQXU,1
8241-JUIQO,0
2194-IIQOF,1
4512-ZUIYL,0
9631-RXVJM,0
9584-EXCDZ,0
7969-AULMZ,1
5093-FEGLU,0
2621-UDNLU,0
7526-IVLYU,0
2428-HYUNX,0
9214-EKVXR,0
3410-MHHUM,1
0568-ONFPC,1
0733-VUNUW,1
4550-EVXNY,0
2122-YWVYA,0
2968-SSGAA,1
2296-DKZFP,0
4844-JJWUY,0
6777-TGHTM,1
8909-BOLNL,0
6603-YRDCJ,0
3229-USWAR,0
2138-VFAPZ,0
6131-JLWZM,0
0269-XFESX,1
1709-EJDOX,0
4316-XCSLJ,0
8610-WFCJF,1
0383-CLDDA,1
2709-UQGNP,0
3549-ZTMNH,1
7881-INRLC,1
8033-ATFAS,0
1635-NZATJ,1
0562-HKHML,1
8277-RVRSV,1
9943-VSZUV,1
6172-FECYY,1
7054-ENNGU,0
1455-HFBXA,1
9402-CXWPL,1
1628-BIZYP,0
1965-AKTSX,1
0082-LDZUE,0
4786-UKSNZ,0
5343-SGUBI,1
0856-NAOES,0
7248-VZQLC,1
6156-UZDLF,0
3099-OONVS,0
9500-WBGRP,0
5183-KLYEM,1
5144-PQCDZ,0
8514-VZHEB,0
6625-IUTTT,0
9355-NPPFS,0
0068-FIGTF,0
5965-GGPRW,1
8035-PWSEV,0
2236-HILPA,0
1840-BIUOG,1
1356-MKYSK,0
6080-LNESI,1
1830-IPXVJ,0
5828-DWPIL,1
8398-TBIYD,1
0011-IGKFF,0
4192-GORJT,0
6496-SLWHQ,1
9912-GVSEQ,1
2931-FSOHN,0
9418-RUKPH,0
5383-MMTWC,1
9971-ZWPBF,1
9711-FJTBX,0
2202-CUYXZ,0
5995-OIGLP,0
8421-WZOOW,0
6261-RCVNS,0
7951-QKZPL,1
1414-YADCW,0
5816-QVHRX,1
4430-YHXGG,1
6888-SBYAI,0
7169-YWAMK,0
3640-PHQXK,1
6877-LGWXO,0
6859-RKMZJ,0
2729-VNVAP,0
2957-JIRMN,1
3842-QTGDL,0
7163-OCEQI,1
9782-LGXMC,0
5975-BAICR,0
8019-ENHXU,1
9033-EOXWV,1
4673-KKSLS,0
4853-OITSN,1
9800-OUIGR,0
1324-NLTJE,1
2324-EFHVG,1
7094-MSZAO,0
1522-VVDMG,0
0780-XNZFN,0
0239-OXEXL,1
2675-IJRGJ,0
7049-GKVZY,0
8577-QSOCG,0
3721-CNZHX,0
9185-TQCVP,1
3585-YNADK,1
5271-DBYSJ,0
1099-GODLO,0
6828-HMKWP,0
5567-WSELE,1
1472-TNCWL,0
8063-RJYNF,0
0687-ZVTHB,1
2080-GKCWQ,0
9661-ACXBS,1
2193-SFWQW,0
5656-JAMLX,0
3462-BJQQA,1
0442-TDYUO,0
6733-LRIZX,1
9503-XJUME,0
3727-RJMEO,1
3779-OSWCF,1
6736-DHUQI,0
3915-ODIYG,1
4451-RWASJ,0
6646-VRFOL,1
3460-TJBWI,1
5917-HBSDW,0
5685-IIXLY,0
5671-UUNXD,1
0956-ACVZC,0
2325-NBPZG,0
4250-ZBWLV,1
4482-FTFFX,0
8859-DZTGQ,0
0440-MOGPM,1
3752-CQSJI,0
5025-GOOKI,0
4698-KVLLG,0
5095-AESKG,1
2887-JPYLU,0
4770-QAZXN,0
4896-CPRPF,1
1871-MOWRM,0
9714-EDSUC,0
9090-SGQXL,1
6595-YGXIT,1
7353-YOWFP,0
9835-ZIITK,1
8008-ESFLK,0
7537-CBQUZ,1
1555-DJEQW,1
0519-XUZJU,0
3363-EWLGO,0
4750-UKWJK,0
1689-YQBYY,1
4487-ZYJZK,0
2959-FENLU,0
0708-LGSMF,1
9253-QXKBE,1
7634-HLQJR,0
0487-RPVUM,1
4079-ULGFR,0
2516-XSJKX,0
0057-QBUQH,1
9445-SZLCH,1
6599-SFQVE,0
8331-ZXFOE,1
4003-FUSHP,0
0356-ERHVT,0
4884-ZTHVF,0
3920-HIHMQ,1
3055-OYMSE,0
0613-WUXUM,0
4458-KVRBJ,1
5349-IECLD,0
3945-GFWQL,0
8097-OMULG,0
6013-BHCAW,1
0401-WDBXM,1
3387-PLKUI,0
6096-EGVTU,1
5081-NWSUP,0
2580-ATZSQ,0
8085-MSNLK,1
9691-HKOVS,1
9881-VCZEP,1
8757-TFHHJ,0
4523-WXCEF,1
1468-DEFNC,1
5119-KEPFY,1
8364-TRMMK,1
0916-KNFAJ,1
3063-QFSZL,0
8775-LHDJH,1
9625-QNLUX,0
3097-NQYSN,1
4024-CSNBY,1
7493-GVFIO,0
0690-SRQID,0
9605-WGJVW,0
9114-DPSIA,1
4700-UBQMV,1
7711-GQBZC,1
3565-UNOCC,1
4627-MIHJH,1
9795-NREXC,1
8573-CGOCC,0
7356-AYNJP,1
9249-FXSCK,1
5493-SDRDQ,0
6286-SUUWT,0
8654-DHAOW,1
5438-QMDDL,0
9812-GHVRI,1
5553-AOINX,1
1228-ZLNBX,1
4226-KKDON,0
3831-YCPUO,0
7445-WMRBW,1
3308-DGHKL,0
9924-JPRMC,1
0080-EMYVY,0
6218-KNUBD,0
7337-CINUD,0
7609-NRNCA,0
0623-EJQEG,1
7153-CHRBV,0
0871-URUWO,1
9190-MFJLN,0
6198-PNNSZ,1
3317-VLGQT,0
5614-DNZCE,0
1095-JUDTC,1
3258-SANFR,0
3726-TBHQT,1
3190-ITQXP,0
0870-VEMYL,0
4833-QTJNO,1
3039-MJSLN,0
0178-CIIKR,0
5385-SUIRI,1
3982-XWFZQ,1
5774-QPLTF,0
2322-VCZHZ,0
4009-ALQFH,0
6383-ZTSIW,0
8990-YOZLV,1
5222-IMUKT,0
3627-FCRDW,0
7562-GSUHK,0
6685-XSHHU,0
8901-UPRHR,1
4903-UYAVB,0
0118-JPNOY,0
6776-TLWOI,0
3845-FXCYS,0
5857-XRECV,0
0725-CXOTM,1
4343-EJVQB,0
3427-GGZZI,1
7779-ORAEL,1
0644-OQMDK,0
4077-CROMM,1
3154-CFSZG,0
2868-MZAGQ,0
4847-QNOKA,0
2220-IAHLS,0
1658-XUHBX,1
6379-RXJRQ,0
2378-HTWFW,1
4377-VDHYI,0
0475-RIJEP,1
1260-TTRXI,0
3719-TDVQB,0
6328-ZPBGN,1
0201-MIBOL,1
4937-QPZPO,1
2925-VDZHY,1
3413-CSSTH,1
8033-VCZGH,1
4789-KWMXN,1
0224-NIJLP,0
7542-CYDDM,0
4718-WXBGI,1
2867-UIMSS,0
8495-PRWFH,1
0439-IFYUN,0
5716-LIBJC,1
2868-LLSKM,1
8111-RKSPX,1
2988-QRAJY,1
1585-MQSSU,0
0071-NDAFP,1
2856-NNASM,0
7328-ZJAJO,0
6458-CYIDZ,0
8559-CIZFV,1
1090-PYKCI,1
7547-EKNFS,1
2279-AXJJK,1
6769-DYBQN,0
0909-SELIE,1
1042-HFUCW,0
4439-JMPMT,0
8999-EXMNO,0
6725-TPKJO,0
2446-BEGGB,1
7162-WPHPM,1
1599-MMYRQ,0
0042-JVWOJ,0
0130-SXOUN,1
2575-GFSOE,0
2330-PQGDQ,1
1452-UZOSF,1
2097-YVPKN,1
2842-JTCCU,0
8597-CTXVJ,1
6631-HMANX,1
9962-BFPDU,0
3296-SILRA,0
9681-OXGVC,1
6394-HHHZM,0
5995-LFTLE,1
1932-UEDCX,1
7153-OANIO,0
5188-HGMLP,1
0665-XHDJU,1
6521-YYTYI,1
8878-HMWBV,0
8265-HKSOW,1
3544-FBCAS,1
5331-RGMTT,1
4759-PXTAN,1
7054-DMVAS,0
3428-MMGUB,1
7823-JSOAG,1
3705-RHRFR,1
9374-YOLBJ,0
9933-QRGTX,0
4476-OSWTN,1
1977-STDKI,0
5066-GFJMM,0
2661-GKBTK,0
7268-WNTCP,0
0824-VWDPO,1
2578-JQPHZ,0
3278-FSIXX,0
5813-UECBU,1
0328-GRPMV,0
9746-UGFAC,0
0625-AFOHS,0
6726-WEXXK,1
4636-OLWOE,0
4342-HENTK,0
4685-ERGHK,1
0885-HMGPY,1
5003-OKNNK,0
4195-SMMNX,0
7208-PSIHR,1
4012-ZTHBR,0
0489-WMEMG,0
7435-ZNUYY,0
1354-YZFNB,0
6956-SMUCM,0
2985-FMWYF,1
2717-HVIZY,0
3223-WZWJM,1
3422-GALYP,1
9053-JZFKV,1
2530-ENDWQ,1
2890-WFBHU,1
0327-WFZSY,1
7977-HXJKU,0
6615-ZGEDR,0
7033-CLAMM,0
0864-FVJNJ,1
7356-IWLFW,1
9541-PWTWO,1
3967-VQOGC,1
7872-RDDLZ,1
9250-WYPLL,1
6308-CQRBU,1
2754-XBHTB,0
1597-LHYNC,1
0186-CAERR,1
3043-SUDUA,0
5442-BHQNG,0
2169-RRLFW,1
3162-KKZXO,1
7055-VKGDA,0
0754-UKWQP,0
8873-GLDMH,1
5696-JVVQY,0
8946-BFWSG,1
7493-TPUWZ,1
0547-HURJB,0
8845-LWKGE,0
1577-HKTFG,0
8752-STIVR,0
0691-NIKRI,1
5022-JNQEQ,0
4558-FANTW,0
3736-BLEPA,0
4701-LKOZD,1
6603-QWSPR,0
9921-QFQUL,1
4378-MYPGO,0
8651-ENBZX,1
4129-LYCOI,1
7798-JVXYM,0
8647-SDTWQ,1
2696-ECXKC,1
2081-KJSQF,0
7623-TRNQN,0
3323-CPBWR,1
9330-IJWIO,1
3384-CTMSF,1
0902-RFHOF,0
9286-DOJGF,1
6048-QBXKL,1
9661-MHUMO,0
7718-RXDGG,0
1025-FALIX,0
3451-VAWLI,0
3407-QGWLG,0
1842-EZJMK,1
2347-WKKAE,1
8735-DCXNF,0
3214-IYUUQ,0
1936-UAFEH,1
3587-PMCOY,0
8079-XRJRS,1
1027-LKKQQ,0
7148-XZPHA,0
8073-IJDCM,0
5309-TAIKL,0
6856-RAURS,1
8778-LMWTJ,0
9717-IOAAF,1
8884-ADFVN,1
2845-KDHVX,0
2720-WGKHP,1
6734-FQAJX,0
2869-ADAWR,1
1535-VTJOQ,1
6368-TZZDT,0
0943-ZQPXH,0
1293-BSEUN,0
9894-EZEWG,0
1302-TPUBN,0
0637-UBJRP,0
0940-OUQEC,1
2378-VTKDH,1
0927-CNGRH,0
8608-OZTLB,0
1952-DVVSW,0
0702-PGIBZ,1
6656-GULJQ,1
9853-JFZDU,0
1963-VAUKV,0
3777-XROBG,0
6994-FGRHH,0
4000-VGMQP,1
3466-RITXD,1
2680-XKKNJ,0
3058-HJCUY,1
2974-GGUXS,1
7994-XIRTR,0
3259-FDWOY,1
2101-RANCD,1
7921-BEPCI,1
0807-ZABDG,0
8510-TMWYB,1
3258-ZKPAI,1
1428-IEDPR,1
5298-GSTLM,1
6728-CZFEI,0
5748-RNCJT,1
3653-NCRDJ,0
6121-TNHBO,1
5119-NZPTV,0
6519-ZHPXP,0
7739-LAXOG,1
3472-QPRCH,1
9776-CLUJA,1
2486-WYVVE,1
3865-ZYKAD,1
1422-DGUBX,1
2999-AANRQ,0
8668-KNZTI,0
0480-KYJVA,1
3926-YZVVX,0
6000-UKLWI,0
2079-FBMZK,0
6332-FBZRI,1
2096-XOTMO,0
3266-FTKHB,0
8221-EQDGL,0
2346-LOCWC,0
6608-QQLVK,0
7560-QJAVJ,0
2995-YWTCD,1
3551-HUAZH,1
9137-UIYPG,0
2809-ZMYOQ,1
5084-OOVCJ,0
0254-WWRKD,0
7727-SHVZV,0
6302-JGYRJ,1
5339-PXDVH,1
2205-LPVGL,1
8782-NUUOL,0
3685-YLCMQ,1
7601-WFVZV,0
4609-KNNWG,0
4868-AADLV,1
9529-OFXHY,1
8634-MPHTR,1
2669-QVCRG,1
9174-IHETN,0
9644-UMGQA,0
8761-NSOBC,0
0419-YAAPX,0
8413-VONUO,0
0872-CASZJ,1
4726-DLWQN,1
8164-OCKUJ,0
3094-JOJAI,1
9494-MRNYX,1
2599-CZABP,0
7945-PRBVF,0
4544-RXFMG,0
0859-YGKFW,0
1150-FTQGN,1
9223-UCPVT,0
7196-LIWRH,0
5448-VWNAM,1
1177-XZBJL,1
3518-FSTWG,1
9330-VOFSZ,1
4351-QLCSU,0
0939-EREMR,0
9389-ACWBI,0
5419-JPRRN,1
3644-QXEHN,0
2911-IJORQ,1
5921-NGYRH,0
2100-BDNSN,1
5998-DZLYR,1
0488-GSLFR,0
9318-NKNFC,0
3985-HOYPM,0
9728-FTTVZ,0
9548-LERKT,0
7254-IQWOZ,0
2474-BRUCM,1
4062-HBMOS,1
0742-NXBGR,0
2676-ISHSF,0
4753-PADAS,1
6103-QCKFX,0
6110-OHIHY,0
7018-FPXHH,0
5889-LFOLL,1
5708-EVONK,1
8708-XPXHZ,1
0572-ZJKLT,1
5135-RDDQL,0
1353-LJWEM,0
1794-SWWKL,1
6876-ADESB,0
9332-GYWLO,0
1963-SVUCV,0
4184-VODJZ,1
0220-EBGCE,0
1092-WPIVQ,1
2754-VDLTR,1
2400-FEQME,0
3190-XFANI,1
7551-DACSP,0
4957-SREEC,0
7235-NXZCP,1
4923-ADWXJ,0
1763-KUAAW,0
1104-TNLZA,1
5195-KPUNQ,0
0520-FDVVT,0
1444-VVSGW,1
5712-PTIWW,0
5949-HGVJL,0
5203-XEHAX,0
1635-HDGFT,0
3315-TOTBP,1
8050-XGRVL,0
6661-HBGWL,1
1518-VOWAV,0
9828-QHFBK,0
5012-YSPJJ,0
5909-ECHUI,0
1309-BXVOQ,1
6728-VOIFY,0
9317-WZPGV,0
2856-HYAPG,0
8969-PRHFK,0
0661-KQHNK,0
8709-KRDVL,1
4488-PSYCG,0
1427-VERSM,0
9801-NOSHQ,0
6339-YPSAH,0
3621-CEOVK,1
6906-ANDWJ,1
2159-TURXX,0
1548-FEHVL,1
3795-CAWEX,1
6215-NQCPY,1
5647-URDKA,0
2229-DPMBI,0
2188-SXWVT,0
6258-PVZWJ,1
6969-MVBAI,1
2978-XXSOG,1
2342-CKIAO,0
6953-PBDIN,1
3898-BSJYF,1
3938-YFPXD,1
7696-AMHOD,0
2453-SAFNS,1
9558-IHEZX,1
9617-UDPEU,0
6340-DACFT,0
4955-VCWBI,0
6813-GZQCG,1
7426-GSWPO,1
3389-KTRXV,1
3118-UHVVQ,1
1031-IIDEO,0
5832-XKAES,0
3205-MXZRA,0
8317-BVKSO,0
5702-KVQRD,0
0083-PIVIK,1
9210-IAHGH,0
6169-PGNCD,0
0023-XUOPT,1
4909-JOUPP,1
4657-FWVFY,1
2257-BOVXD,1
7729-JTEEC,0
7632-MNYOY,1
6518-LGAOV,1
4576-CSAJH,0
1000-AJSLD,0
9696-RMYBA,0
8690-UPCZI,1
1062-LHZOD,0
9770-LXDBK,0
4086-WITJG,0
8344-WFMFH,0
9600-NAXZN,1
8822-KNBHV,1
8404-FYDIB,1
2791-SFVEW,0
6457-USBER,0
6762-NSODU,0
4662-EKDPQ,1
9248-OJYKK,1
3398-FSHON,1
3319-DWOEP,0
1074-WVEVG,0
9979-RGMZT,0
6437-UDQJM,1
1226-IENZN,0
2108-GLPQB,1
9259-PACGQ,1
4415-IJZTP,1
1465-VINDH,1
5474-LAMUQ,0
3468-DRVQJ,1
1122-YJBCS,0
4990-ALDGW,0
4816-OKWNX,0
2810-FTLEM,0
4747-LCAQL,0
3411-WLRSQ,0
0898-XCGTF,1
8006-PYCSW,0
8249-THVEC,0
8722-PRFDV,0
2164-SOQXL,0
4020-KIUDI,0
5850-BDWCY,0
2038-YSEZE,1
0827-ITJPH,0
1925-TIBLE,1
1705-GUHPV,1
4779-ZGICK,1
0048-PIHNL,0
0818-OCPZO,1
3967-KXAPS,1
1447-GIQMR,0
0674-EYYZV,0
4480-MBMLB,1
0822-QGCXA,1
0872-NXJYS,0
2832-KJCRD,1
3588-WSTTJ,1
4075-WKNIU,1
5090-EMGTC,0
2346-CZYIL,0
3798-EPWRR,0
6258-NGCNG,1
4186-ZBUEW,1
5274-XHAKY,1
3978-YNKDD,0
9412-ARGBX,0
1389-CXMLU,1
9589-ABEPT,1
7605-SNLQG,0
4670-TABXH,1
5561-NWEVX,1
0064-SUDOG,0
8561-NMTBD,1
5161-XEUVX,1
8591-NXRCV,1
4526-RMTLL,1
6253-GNHWH,1
4566-NECEV,1
8080-POTJR,1
6906-MPARY,0
3662-FXJFO,0
8107-RZLNV,1
0516-OOHAR,0
2027-CWDNU,0
9912-OMZDS,1
3733-ZEECP,0
7878-RTCZG,0
2452-MRMZF,1
2272-QAGFO,1
7103-IPXPJ,1
4342-HFXWS,0
3545-CNWRG,1
1785-BPHTP,0
4989-LIXVT,1
7315-WYOAW,1
1173-XZPYF,1
9850-OWRHQ,1
3768-NLUBH,1
8676-TRMJS,1
2509-TFPJU,1
9530-GRMJG,1
6898-RBTLU,1
5481-NTDOH,1
2068-WWXQZ,0
7359-SSBJK,0
2061-VVFST,0
0685-MLYYM,0
2380-DAMQP,1
2256-YLYLP,0
1272-ILHFG,0
0164-XAIRP,0
5666-CYCYZ,1
4011-ARPHK,0
8182-PNAGI,0
6365-HITVU,0
7558-IMLMT,0
9488-FYQAU,1
3590-TCXTB,0
6994-KERXL,0
7957-RYHQD,0
2180-DXNEG,0
1960-UOTYM,0
2740-JFBOK,1
6500-JVEGC,1
5515-AKOAJ,1
8976-OQHGT,0
6230-BSUXY,0
8469-SNFFH,1
1241-FPMOF,0
4114-QMKVN,1
2775-SEFEE,1
9003-CPATH,1
1754-GKYPY,0
7956-XQWGU,0
1591-MQJTP,1
5295-PCJOO,0
2369-FEVNO,0
9863-JZAIC,0
7471-MQPOS,1
7660-HDPJV,0
5115-SQAAU,1
9845-QOMAD,0
7672-VFMXZ,0
9739-JLPQJ,1
9916-AYHTC,0
3855-ONCAR,0
1488-SYSFC,0
7931-PXHFC,0
3990-QYKBE,1
0970-QXPXW,0
3259-KNMRR,1
6120-RJKLU,0
5893-KCLGT,0
3640-JQGJG,0
4919-MOAVT,0
1596-OQSPS,0
9546-KDTRB,1
3090-HAWSU,1
9820-RMCQV,0
3174-RKMOW,1
1760-CAZHT,0
7839-QRKXN,0
8441-SHIPE,1
4597-ELFTS,1
1320-GVNHT,1
1047-RNXZV,0
3541-ZNUHK,1
8450-JOVAH,1
8725-JEDFD,0
7562-UXTPG,0
8071-SBTRN,1
1113-IUJYX,0
6668-CNMFP,1
5626-MGTUK,1
5681-LLOEI,1
8212-DJRCH,0
4323-OHFOW,1
4933-BSAIP,0
2030-BTZRO,0
1116-DXXDF,0
9274-CNFMO,1
6563-VNPMN,0
2267-WTPYD,1
0270-THENM,1
2446-PLQVO,0
4707-MAXGU,1
2710-WYVXG,0
3005-NFMTA,1
6300-BWMJX,1
8784-CGILN,1
5389-FFVKB,0
7009-LGECI,0
8444-WRIDW,1
5022-KVDQT,1
7976-CICYS,0
1036-GUDCL,0
2005-DWQZJ,0
8148-WOCMK,0
7815-PDTHL,0
9451-LPGOO,1
9173-IVZVP,0
9129-UXERG,1
7964-ZRKKG,1
5868-YWPDW,0
6229-LSCKB,0
2025-JKFWI,1
4078-SAYYN,1
1724-IQWNM,0
8217-QYOHV,0
5546-QUERU,0
9940-HPQPG,1
6897-UUBNU,0
6127-IYJOZ,0
6618-RYATB,1
8930-XOTDP,0
5916-QEWPT,0
5060-TQUQN,1
0531-XBKMM,1
8465-SBRXP,1
2408-PSJVE,0
9079-YEXQJ,1
9700-ZCLOT,0
8738-JOKAR,0
4534-WGCIR,1
1930-WNXSB,0
2685-SREOM,1
3508-CFVZL,1
0402-CQAJN,1
6692-UDPJC,1
1273-MTETI,1
0657-DOGUM,1
8792-AOROI,0
0295-PPHDO,1
5146-YYFRZ,0
1195-OIYEJ,0
5906-CVLHP,0
3452-SRFEG,1
4070-OKWVH,1
5297-MDOIR,0
6369-MCAKO,1
4926-UMJZD,0
6848-HJTXY,0
6341-AEVKX,0
4501-EQDRN,0
2990-HWIML,0
0682-USIXD,0
6976-BWGLQ,1
8065-QBYTO,1
2133-TSRRM,0
7603-USHJS,1
7234-FECYN,1
2511-ALLCS,1
3191-CSNMG,0
7952-OBOYL,0
7470-DYNOE,0
1545-ACTAS,0
5876-HZVZM,0
1400-MMYXY,1
3085-QUOZK,0
2363-BJLSL,0
1956-YIFGE,0
3926-CUQZX,0
7921-LMDFQ,0
2925-MXLSX,1
5820-PTRYM,1
9609-BENEA,1
9945-PSVIP,0
1041-RXHRA,0
1750-CSKKM,0
9108-EJFJP,0
0530-IJVDB,1
0508-SQWPL,0
2215-ZAFGX,1
8213-TAZPM,1
7142-HVGBG,1
1304-SEGFY,1
7242-EDTYC,0
2904-GGUAZ,1
8267-ZNYVZ,0
5136-GFPMB,1
2595-KIWPV,0
5243-SAOTC,1
9398-MMQTO,0
7619-PLRLP,1
6457-GIRWB,0
6508-NJYRO,0
1450-SKCVI,0
4710-NKCAW,1
5306-BVTKJ,0
0357-NVCRI,0
5570-PTWEH,1
2371-KFUOG,0
0463-ZSDNT,0
6502-MJQAE,0
6257-DTAYD,1
4616-ULAOA,1
7693-LCKZL,1
5996-EBTKM,1
2758-RNWXS,0
3454-JFUBC,0
9039-ZVJDC,0
6797-LNAQX,1
2898-MRKPI,1
2750-BJLSB,0
2075-RMJIK,0
9588-YRFHY,0
6394-MFYNG,1
1564-NTYXF,1
9364-YKUVW,0
5392-AKEMH,0
2451-YMUXS,1
3914-FDRHP,0
3078-ZKNTS,0
1024-KPRBB,0
4690-PKDQG,1
8155-IBNHG,1
0886-QGENL,0
9547-ITEFG,1
7789-CRUVC,1
8739-WWKDU,1
8685-WHQPW,1
4745-LSPLO,0
8083-YTZES,1
7240-FQLHE,1
6664-FPDAC,1
9972-VAFJJ,0
0422-UXFAP,1
1904-WAJAA,1
5130-YPIRV,0
2843-CQMEG,0
6439-PKTRR,1
5568-DMXZS,0
8468-FZTOE,0
6633-SYEUS,0
3976-BWUCK,1
5981-ZVXOT,1
1684-FLBGS,1
1389-WNUIB,1
0376-OIWME,0
3585-ISXZP,1
0218-QNVAS,1
6583-QGCSI,1
0804-YGEQV,1
7164-BPTUT,1
4174-LPGTI,0
2523-EWWZL,0
0928-XUTSN,0
0052-YNYOT,0
6304-IJFSQ,0
9586-JGQKH,1
6075-SLNIL,1
9347-AERRL,0
0093-XWZFY,1
1980-KXVPM,1
7703-ZEKEF,1
0723-DRCLG,1
5482-NUPNA,0
6691-CCIHA,1
1685-BQULA,1
9053-EJUNL,1
0666-UXTJO,0
1471-GIQKQ,0
4807-IZYOZ,0
1122-JWTJW,0
9710-NJERN,0
9837-FWLCH,0
1699-HPSBG,0
7203-OYKCT,1
1035-IPQPU,1
7398-LXGYX,1
2823-LKABH,1
8775-CEBBJ,0
0550-DCXLH,0
9281-CEDRU,0
0871-OPBXW,0
3605-JISKB,1
6894-LFHLY,1
9767-FFLEM,0
0639-TSIQW,1
8456-QDAVC,0
2569-WGERO,0
6840-RESVB,1
2234-XADUH,1
8361-LTMKD,1
3186-AJIEK,0
